, ,,,
1,A'idah ,F,,
2,A'ishah ,F,,
3,A'shadieeyah ,F,,
4,Aa'idah ,F,,
5,Aabidah ,F,,
6,Aabirah ,F,,
7,Aabish ,F,,
8,Aadila ,F,,
9,Aaeedah ,F,,
10,Aaeesha ,F,,
11,Aafreeda ,F,,
12,Aafreen ,F,,
13,Aaida ,F,,
14,Aaila ,F,,
15,Aaima ,F,,
16,Aaina ,F,,
17,Aaira ,F,,
18,Aakifah ,F,,
19,Aala ,F,,
20,Aaleyah ,F,,
21,Aalia ,F,,
22,Aalimah ,F,,
23,Aaliyah ,F,,
24,Aamaal ,F,,
25,Aamal ,F,,
26,Aamanee ,F,,
27,Aamilah ,F,,
28,Aaminah ,F,,
29,Aamira ,F,,
30,Aamirah ,F,,
31,Aani Fatimah Khatoon ,F,,
32,Aania ,F,,
33,Aanisah ,F,,
34,Aaqilah ,F,,
35,Aara ,F,,
36,Aarifah ,F,,
37,Aasfa ,F,,
38,Aasia ,F,,
39,Aasimah ,F,,
40,Aasira ,F,,
41,Aasiyah ,F,,
42,Aatifa ,F,,
43,Aatikah ,F,,
44,Aatiqah ,F,,
45,Aatirah ,F,,
46,Abal ,F,,
47,Abasah ,F,,
48,Abda ,F,,
49,Abdah ,F,,
50,Abeedah ,F,,
51,Abeer ,F,,
52,Abeera ,F,,
53,Abeerah ,F,,
54,Abia ,F,,
55,Abida ,F,,
56,"Abidah, Abida ",F,,
57,Abir ,F,,
58,"Abir, Abeer ",F,,
59,Abla ,F,,
60,Ablah ,F,,
61,"Ablah, Abla, Ablaa ",F,,
62,Abqurah ,F,,
63,Abra ,F,,
64,Abrar ,F,,
65,Abreshmina ,F,,
66,Abtahi ,F,,
67,Ad'ifaah ,F,,
68,Ada ,F,,
69,Adab ,F,,
70,"Adab, Aadab ",F,,
71,Adala ,F,,
72,Adan ,F,,
73,Adara ,F,,
74,Adawiyah ,F,,
75,Adeeba ,F,,
76,Adeela ,F,,
77,Adeelah ,F,,
78,Adeema ,F,,
79,Adeena ,F,,
80,Adeeva ,F,,
81,Adiba ,F,,
82,Adila ,F,,
83,"Adilah, Adila, Adeela ",F,,
84,Adira ,F,,
85,Adla ,F,,
86,Adn ,F,,
87,Afaf ,F,,
88,Afana ,F,,
89,Afeefa ,F,,
90,Afeefah ,F,,
91,Afeerah ,F,,
92,Afia ,F,,
93,Afifa ,F,,
94,Afifah ,F,,
95,Afiyah ,F,,
96,Afizah ,F,,
97,Afkar ,F,,
98,Afnan ,F,,
99,Afra ,F,,
100,"Afra, Afraa ",F,,
101,Afrah ,F,,
102,Afreen ,F,,
103,Afrin ,F,,
104,Afroz ,F,,
105,Afroza ,F,,
106,Afroze ,F,,
107,Afsa ,F,,
108,Afsana ,F,,
109,Afsar ,F,,
110,Afsar Ara ,F,,
111,Afshan ,F,,
112,Afsheen ,F,,
113,Afshin ,F,,
114,Afya ,F,,
115,Afza ,F,,
116,Aghala ,F,,
117,Agharid ,F,,
118,Aghsan ,F,,
119,Ahd ,F,,
120,Ahdaf ,F,,
121,Ahdia ,F,,
122,Ahlam ,F,,
123,Aida ,F,,
124,Aidah ,F,,
125,"Aidah, Aida ",F,,
126,Aighar ,F,,
127,Aila ,F,,
128,Aimal ,F,,
129,Aimen ,F,,
130,Ain ,F,,
131,Ain alsaba ,F,,
132,Aini ,F,,
133,Aisha ,F,,
134,Aiza ,F,,
135,Ajeebah ,F,,
136,Ajia ,F,,
137,Ajrada ,F,,
138,Ajradah ,F,,
139,Ajwa ,F,,
140,Akbari ,F,,
141,Akhtar ,F,,
142,Akia ,F,,
143,Akida ,F,,
144,Akifa ,F,,
145,Akifah ,F,,
146,Akilah ,F,,
147,Akleema ,F,,
148,Al-Adur al-Karimah ,F,,
149,Alaia ,F,,
150,Alam ,F,,
151,Alam Ara ,F,,
152,Aleema ,F,,
153,Aleemah ,F,,
154,Aleena ,F,,
155,Aleeza ,F,,
156,Alfah ,F,,
157,Alhan ,F,,
158,Alhena ,F,,
159,Alia ,F,,
160,Alifa ,F,,
161,Alika ,F,,
162,Alima ,F,,
163,Alimah ,F,,
164,Alina ,F,,
165,Alishba ,F,,
166,Aliya ,F,,
167,Aliyah ,F,,
168,"Aliyah, Aliyyah, Alia, Alia ",F,,
169,Aliyya ,F,,
170,Alleyah ,F,,
171,Alma ,F,,
172,Almas ,F,,
173,Almasa ,F,,
174,Almira ,F,,
175,Alraaz ,F,,
176,Altaf ,F,,
177,Aludra ,F,,
178,Alveena ,F,,
179,Alya ,F,,
180,Alyaa ,F,,
181,Alyan ,F,,
182,Alzubra ,F,,
183,Ama ,F,,
184,Amah ,F,,
185,Amal ,F,,
186,"Amal, Amal, Aamal, Amala ",F,,
187,Amala ,F,,
188,Aman ,F,,
189,Amana ,F,,
190,Amanat ,F,,
191,Amani ,F,,
192,Amany ,F,,
193,Amara ,F,,
194,Amatul Islam ,F,,
195,Amatul Karim ,F,,
196,Amatullah ,F,,
197,Amaya ,F,,
198,Ambar ,F,,
199,Ambara ,F,,
200,Ambarin ,F,,
201,Amber ,F,,
202,Ambereen ,F,,
203,Ambreen ,F,,
204,Ameena ,F,,
205,Ameenah ,F,,
206,Ameera ,F,,
207,Amelia ,F,,
208,Amila ,F,,
209,Amilah ,F,,
210,Amima ,F,,
211,Amina ,F,,
212,Aminah ,F,,
213,"Aminah, Amineh, Ameena ",F,,
214,Amira ,F,,
215,Amirah ,F,,
216,"Amirah, Ameera ",F,,
217,Amjad ,F,,
218,Ammara ,F,,
219,Ammarah ,F,,
220,Amna ,F,,
221,Amra ,F,,
222,Amrah ,F,,
223,Amreen ,F,,
224,Amrozia ,F,,
225,Amsah ,F,,
226,Amtullah ,F,,
227,Ana ,F,,
228,Anaan ,F,,
229,Anabia ,F,,
230,Anadil ,F,,
231,Anah ,F,,
232,Anam ,F,,
233,Anan ,F,,
234,"Anan, Anaan ",F,,
235,Anat ,F,,
236,Anaum ,F,,
237,Anbar ,F,,
238,Anbarin ,F,,
239,Andalah ,F,,
240,Andalib ,F,,
241,Aneeqa ,F,,
242,Aneesa ,F,,
243,Aneezah ,F,,
244,Angbin ,F,,
245,Angeza ,F,,
246,Anida ,F,,
247,Anika ,F,,
248,Anila ,F,,
249,Aniqa ,F,,
250,Anisa ,F,,
251,Anisah ,F,,
252,"Anisah, Aneesa ",F,,
253,Anizah ,F,,
254,Anjum ,F,,
255,Anjuman ,F,,
256,Anjuman Ara ,F,,
257,Anmar ,F,,
258,Anmol ,F,,
259,Annam ,F,,
260,Anniyah ,F,,
261,Anoosh ,F,,
262,Anoosha ,F,,
263,Anqa ,F,,
264,Ansam ,F,,
265,Ansharah ,F,,
266,Anum ,F,,
267,Anwar ,F,,
268,"Anwar, Anwaar ",F,,
269,Anwara ,F,,
270,Anwarah ,F,,
271,Anya ,F,,
272,Aoj ,F,,
273,Apana ,F,,
274,Aqdas ,F,,
275,Aqeela ,F,,
276,Aqeelah ,F,,
277,Aqiba ,F,,
278,Aqila ,F,,
279,Aqilah ,F,,
280,Aqsa ,F,,
281,Ara ,F,,
282,Aram ,F,,
283,Areeba ,F,,
284,Areebah ,F,,
285,Areefa ,F,,
286,Areej ,F,,
287,Areena ,F,,
288,Aresha ,F,,
289,Arfa ,F,,
290,Ariana ,F,,
291,Aribah ,F,,
292,Arifa ,F,,
293,Arij ,F,,
294,"Arij, Areej ",F,,
295,Arisha ,F,,
296,Arissa ,F,,
297,Arjumand ,F,,
298,Arjumnd Bano ,F,,
299,Arman ,F,,
300,Aroob ,F,,
301,Aroosa ,F,,
302,Aroosh ,F,,
303,Aroush ,F,,
304,Arshi ,F,,
305,Arshia ,F,,
306,Arub ,F,,
307,"Arub, Aroob ",F,,
308,Aruba ,F,,
309,Arus ,F,,
310,Arwa ,F,,
311,Arya ,F,,
312,Aryisha ,F,,
313,Arzo ,F,,
314,Arzu ,F,,
315,Asalah ,F,,
316,Asar ,F,,
317,Asbah ,F,,
318,Aseel ,F,,
319,Aseela ,F,,
320,Asghia ,F,,
321,Ashalina ,F,,
322,Asheeyana ,F,,
323,Ashika ,F,,
324,Ashiqa ,F,,
325,Ashna ,F,,
326,Ashraf ,F,,
327,Ashraf Jahan ,F,,
328,Ashwaq ,F,,
329,Asifa ,F,,
330,Asil ,F,,
331,Asilah ,F,,
332,Asima ,F,,
333,"Asimah, Asima ",F,,
334,Asira ,F,,
335,Asiya ,F,,
336,"Asiya, Asiyah ",F,,
337,Asjad ,F,,
338,Asli ,F,,
339,Asma ,F,,
340,"Asma, Asma, Asmaa ",F,,
341,Asmaa ,F,,
342,Asmara ,F,,
343,Asmat ,F,,
344,Asna ,F,,
345,Asra ,F,,
346,Asrar ,F,,
347,Asriyah ,F,,
348,Ateefa ,F,,
349,Ateeqa ,F,,
350,Ateeqah ,F,,
351,Athilah ,F,,
352,Athir ,F,,
353,Athmah ,F,,
354,Atia ,F,,
355,Atifa ,F,,
356,"Atifah, Atifa ",F,,
357,Atifat ,F,,
358,Atika ,F,,
359,"Atikah, Atika ",F,,
360,Atiqa ,F,,
361,Atira ,F,,
362,Atiya ,F,,
363,"Atiyah, Atiya ",F,,
364,Atuf ,F,,
365,Atyaf ,F,,
366,Awa ,F,,
367,Awatif ,F,,
368,Aya ,F,,
369,Ayaat ,F,,
370,Ayah ,F,,
371,"Ayah, Ayeh ",F,,
372,Ayan ,F,,
373,Ayana ,F,,
374,Ayat ,F,,
375,Ayesha ,F,,
376,Ayishah ,F,,
377,Aymen ,F,,
378,Ayn ,F,,
379,Aynul Hayat ,F,,
380,Aynun Nahr ,F,,
381,Ayra ,F,,
382,Ayshah ,F,,
383,Az-zahra ,F,,
384,Azaa ,F,,
385,Azadeh ,F,,
386,Azah ,F,,
387,Azeema ,F,,
388,Azeemah ,F,,
389,Azeen ,F,,
390,Azeeza ,F,,
391,Azhaar ,F,,
392,"Azhar, Azhaar ",F,,
393,Azima ,F,,
394,Aziman ,F,,
395,Azin ,F,,
396,Aziz ,F,,
397,Aziza ,F,,
398,Azizah ,F,,
399,"Azizah, Aziza, Azeeza ",F,,
400,Azka ,F,,
401,Azra ,F,,
402,Azraa ,F,,
403,Azwa ,F,,
404,Azzah ,F,,
405,"Azzah, Azza ",F,, 
1,Badai ,F,,
2,Badia ,F,,
3,"Badiah, Badia ",F,,
4,Badiha ,F,,
5,Badiyah ,F,,
6,Badr ,F,,
7,Badra ,F,,
8,Badrai ,F,,
9,Badriyah ,F,,
10,"Badriyah, Badriyyah, Badriya ",F,,
11,Badrun Nisa ,F,,
12,Badyah ,F,,
13,Baha ,F,,
14,Bahar ,F,,
15,Bahar Bano ,F,,
16,Baheera ,F,,
17,Bahia ,F,,
18,Bahija ,F,,
19,Bahijah ,F,,
20,Bahira ,F,,
21,"Bahirah, Bahira, Baheera ",F,,
22,Bahiya ,F,,
23,"Bahiyah, Bahiya, Bahiyaa ",F,,
24,Bahiyyah ,F,,
25,Bahriyah al-Aabidah ,F,,
26,Baiza ,F,,
27,Bajila ,F,,
28,Bakarah ,F,,
29,Bakhita ,F,,
30,Bakht ,F,,
31,Bakhtawar ,F,,
32,Bakhtawara ,F,,
33,Bakura ,F,,
34,Balbala ,F,,
35,Baligha ,F,,
36,Balqees ,F,,
37,Balqis ,F,,
38,Balquees ,F,,
39,Balsam ,F,,
40,Ban ,F,,
41,Banafsaj ,F,,
42,Banafsha ,F,,
43,Banafsheh ,F,,
44,Banan ,F,,
45,Banou ,F,,
46,Banu ,F,,
47,Banujah ,F,,
48,Baraah ,F,,
49,Baraim ,F,,
50,Barakah ,F,,
51,"Barakah, Baraka ",F,,
52,Barat ,F,,
53,Bareea ,F,,
54,Bareerah ,F,,
55,Baria ,F,,
56,Bariah ,F,,
57,"Bariah, Baraaa ",F,,
58,Barika ,F,,
59,Barirah ,F,,
60,Barkat ,F,,
61,Barrah ,F,,
62,Barraqa ,F,,
63,Barsala ,F,,
64,Barzah ,F,,
65,Basaaria ,F,,
66,Basbas ,F,,
67,Baseema ,F,,
68,Bashair ,F,,
69,Basharat ,F,,
70,Basheera ,F,,
71,Bashira ,F,,
72,Bashirah ,F,,
73,"Bashirah, Basheera ",F,,
74,Basila ,F,,
75,Basilah ,F,,
76,Basima ,F,,
77,Basimah ,F,,
78,"Basimah, Baseema ",F,,
79,Basinah ,F,,
80,Basira ,F,,
81,Basma ,F,,
82,Basmah ,F,,
83,"Basmah, Basma ",F,,
84,Basoos ,F,,
85,Bassama ,F,,
86,Batina ,F,,
87,Batinah ,F,,
88,Batool ,F,,
89,Batrisyia ,F,,
90,Batul ,F,,
91,"Batul, Batool ",F,,
92,Bayan ,F,,
93,Baysan ,F,,
94,Bazala ,F,,
95,Bazegha ,F,,
96,Bazla ,F,,
97,Bazm-Ara ,F,,
98,Bazriqa ,F,,
99,Beena ,F,,
100,Beenish ,F,,
101,Begum ,F,,
102,Behnaz ,F,,
103,Benazir ,F,,
104,Bhajat ,F,,
105,Bibi ,F,,
106,Bilqees ,F,,
107,Bilqis ,F,,
108,"Bilqis, Bilqees ",F,,
109,Binesh ,F,,
110,Binish ,F,,
111,Birrah ,F,,
112,Bisar ,F,,
113,Bisharah ,F,,
114,Bisma ,F,,
115,Bismal ,F,,
116,Bolour ,F,,
117,Budur ,F,,
118,Buhaysah ,F,,
119,"Buhaysah, Buhaisah ",F,,
120,Buhayyah ,F,,
121,Buhjah ,F,,
122,Buhthah ,F,,
123,Bujaybah ,F,,
124,Bulbul ,F,,
125,Bunanah ,F,,
126,Buqayrah ,F,,
127,Burdah ,F,,
128,Burum ,F,,
129,Busaina ,F,,
130,Busayrah ,F,,
131,Bushra ,F,,
132,Busr ,F,,
133,Busrah ,F,,
134,Bustan ,F,,
135,Buthaynah ,F,,
136,"Buthaynah, Buthainah, Buthayna ",F,, 
1,Cala ,F,,
2,Cantara ,F,,
3,Chakori ,F,,
4,Chaman ,F,,
5,Champa ,F,,
6,Chanchal ,F,,
7,Chanda ,F,,
8,Chandni ,F,,
9,Chandra ,F,,
10,Chasheen ,F,, 
1,Daania ,F,,
2,Dad ,F,,
3,Dafiya ,F,,
4,Dafiyah ,F,,
5,Dahab ,F,,
6,Dahma ,F,,
7,Daiba ,F,,
8,Dalal ,F,,
9,Daleela ,F,,
10,Dalia ,F,,
11,Daliya ,F,,
12,Daliyah ,F,,
13,Daneen ,F,,
14,Danish ,F,,
15,Danish Ara ,F,,
16,Daniya ,F,,
17,Daniyah ,F,,
18,Dara ,F,,
19,Darakhshaan ,F,,
20,Darakhshan ,F,,
21,Daria ,F,,
22,Darkhshanda ,F,,
23,Darra ,F,,
24,Darya ,F,,
25,Dastiaar ,F,,
26,Daulah ,F,,
27,Dawha ,F,,
28,Dawlat Khatoon ,F,,
29,Dawlat Khatoon. ,F,,
30,Deeba ,F,,
31,Deema ,F,,
32,Deenah ,F,,
33,Dema ,F,,
34,Dhakirah ,F,,
35,Dhakiyah ,F,,
36,Dhuka ,F,,
37,Dil ,F,,
38,Dilara ,F,,
39,Dildar ,F,,
40,Dilkash ,F,,
41,Dilruba ,F,,
42,Dilshad ,F,,
43,Dilshad Khatoon ,F,,
44,Dima ,F,,
45,Dimah ,F,,
46,Dina ,F,,
47,Diqrah ,F,,
48,Diwa ,F,,
49,Diya ,F,,
50,Diyanah ,F,,
51,Doaa ,F,,
52,Doha ,F,,
53,Dua ,F,,
54,Duaa ,F,,
55,"Duha, Dhuha ",F,,
56,Dujanah ,F,,
57,Dunia ,F,,
58,Dunya ,F,,
59,Dunyana ,F,,
60,Dur Afshan ,F,,
61,Dur-e-Shahwar ,F,,
62,Durar ,F,,
63,Durdanah ,F,,
64,Durr ,F,,
65,Durrah ,F,,
66,Durriya ,F,,
67,Durriyah ,F,, 
1,Ehteram ,F,,
2,Eiliyah ,F,,
3,Eimaan ,F,,
4,Eiman ,F,,
5,Eira ,F,,
6,Elham ,F,,
7,Elijah ,F,,
8,Eliza ,F,,
9,Elma ,F,,
10,Emaan ,F,,
11,Eman ,F,,
12,Erina ,F,,
13,Ermina ,F,,
14,Erum ,F,,
15,Eshaal ,F,,
16,Eshal ,F,,
17,Eva ,F,,
18,Ezzah ,F,, 
1,Faariha ,F,,
2,Faazila ,F,,
3,Fadeelah ,F,,
4,Fadheela ,F,,
5,Fadia ,F,,
6,Fadila ,F,,
7,Fadilah ,F,,
8,"Fadilah, Fadheela ",F,,
9,Fadiyah ,F,,
10,Fadwa ,F,,
11,Fadwah ,F,,
12,Faeezah ,F,,
13,"Fahdah, Fahada ",F,,
14,Faheemah ,F,,
15,Fahhama ,F,,
16,Fahima ,F,,
17,Fahimah ,F,,
18,Fahm ,F,,
19,Fahm Ara ,F,,
20,Fahmeedah ,F,,
21,Fahmida ,F,,
22,Faida ,F,,
23,Faiqa ,F,,
24,Faiqah ,F,,
25,FAIROOZA ,F,,
26,Fairuzah ,F,,
27,Faiza ,F,,
28,Faizah ,F,,
29,"Faizah, Faiza ",F,,
30,Fajr ,F,,
31,Fakeehah ,F,,
32,Fakhar ,F,,
33,Fakhira ,F,,
34,Fakhirah ,F,,
35,Fakhr ,F,,
36,Fakhra ,F,,
37,Fakhri ,F,,
38,Fakhriya ,F,,
39,Fakhriyah ,F,,
40,Fakhrun Nisa ,F,,
41,Fakhtah ,F,,
42,Fakihah ,F,,
43,Fakira ,F,,
44,Falahat ,F,,
45,Falak ,F,,
46,Falaknaz ,F,,
47,Falaq ,F,,
48,Faliha ,F,,
49,Falisha ,F,,
50,Fanan ,F,,
51,Fania ,F,,
52,Fanila ,F,,
53,Faqiha ,F,,
54,Faqirah ,F,,
55,Fara ,F,,
56,Faraal ,F,,
57,Farah ,F,,
58,Faraza ,F,,
59,Fareedah ,F,,
60,Fareefta ,F,,
61,Fareeha ,F,,
62,Fareess ,F,,
63,Farha ,F,,
64,Farhah ,F,,
65,Farhal ,F,,
66,Farhana ,F,,
67,Farhanah ,F,,
68,Farhat ,F,,
69,Farheen ,F,,
70,Farhi ,F,,
71,Fari'ah ,F,,
72,Faria ,F,,
73,Farida ,F,,
74,Faridah ,F,,
75,"Faridah, Fareeda ",F,,
76,Fariha ,F,,
77,Farihah ,F,,
78,"Farihah, Fareeha ",F,,
79,Farishta ,F,,
80,Fariza ,F,,
81,Farizah ,F,,
82,Farkhanda ,F,,
83,Farkhandah ,F,,
84,Farnaz ,F,,
85,Farqad ,F,,
86,Farrukh ,F,,
87,Farwa ,F,,
88,Faryal ,F,,
89,Faryat ,F,,
90,Farzana ,F,,
91,Farzeen ,F,,
92,Faseehah ,F,,
93,Faseelah ,F,,
94,Fasiha ,F,,
95,Fasiya ,F,,
96,Fateenah ,F,,
97,Fathima ,F,,
98,Fathiya ,F,,
99,Fathiyah ,F,,
100,Fatiha ,F,,
101,Fatihah ,F,,
102,Fatim ,F,,
103,Fatima ,F,,
104,Fatimah ,F,,
105,"Fatimah, Fatima ",F,,
106,Fatin ,F,,
107,Fatin or Fatinah ,F,,
108,Fatinah ,F,,
109,Fattana ,F,,
110,Fauqiyah ,F,,
111,Fauzia ,F,,
112,Fawha ,F,,
113,Fawz ,F,,
114,Fawza ,F,,
115,"Fawzah, Fawza ",F,,
116,Fawziyah ,F,,
117,"Fawziyyah, Fawziya, Fazia ",F,,
118,Fayha ,F,,
119,Fayona ,F,,
120,Fayrooz ,F,,
121,Fayruz ,F,,
122,Fayyaza ,F,,
123,Fazeela ,F,,
124,Fazeen ,F,,
125,Fazilatun Nisa ,F,,
126,Fazzilet ,F,,
127,Feerozah ,F,,
128,Feheema ,F,,
129,Feiyaz ,F,,
130,Fellah ,F,,
131,Femida ,F,,
132,Fida ,F,,
133,Fidda ,F,,
134,Fiddah ,F,,
135,Fikriyah ,F,,
136,Filza ,F,,
137,Fir ,F,,
138,Firdaus ,F,,
139,Firdausi ,F,,
140,Firdaws ,F,,
141,"Firdaws, Firdoos ",F,,
142,Firdous ,F,,
143,Firdowsa ,F,,
144,Firoza ,F,,
145,Firyal ,F,,
146,Fiza ,F,,
147,Forouzan ,F,,
148,Fouzia ,F,,
149,Fozia ,F,,
150,Foziah ,F,,
151,Fuada ,F,,
152,Fudayl ,F,,
153,Funoon ,F,,
154,Furat ,F,,
155,Furayah ,F,,
156,Furoozan ,F,,
157,Fusaylah ,F,,
158,Fuseelah ,F,,
159,Futun ,F,,
160,Fuzail ,F,, 
1,Gabina ,F,,
2,Galai ,F,,
3,Gazala ,F,,
4,Ghada ,F,,
5,Ghadah ,F,,
6,"Ghadah, Ghaada ",F,,
7,Ghadeer ,F,,
8,Ghadia ,F,,
9,Ghadir ,F,,
10,Ghafira ,F,,
11,Ghaida ,F,,
12,Ghalia ,F,,
13,Ghaliba ,F,,
14,Ghalibah ,F,,
15,Ghaliyah ,F,,
16,"Ghaliyah, Ghaaliya ",F,,
17,Ghamza ,F,,
18,Ghaneemah ,F,,
19,Ghania ,F,,
20,Ghaniya ,F,,
21,Ghaniyah ,F,,
22,Gharam ,F,,
23,Ghareebah ,F,,
24,Ghashia ,F,,
25,Ghasna ,F,,
26,Ghatiya ,F,,
27,Ghatola ,F,,
28,Ghayda ,F,,
29,"Ghayda, Ghaydaa ",F,,
30,Ghazal ,F,,
31,Ghazala ,F,,
32,Ghazalah ,F,,
33,Ghaziya ,F,,
34,Ghaziyah ,F,,
35,Ghibtah ,F,,
36,Ghina ,F,,
37,Ghitbah ,F,,
38,Ghizlan ,F,,
39,Ghotai ,F,,
40,Ghufayrah ,F,,
41,Ghufran ,F,,
42,Ghumaysa ,F,,
43,Ghuncha ,F,,
44,Ghunwah ,F,,
45,Ghunwah or Ghunyah ,F,,
46,Ghusn ,F,,
47,Ghusoon ,F,,
48,Ghusun ,F,,
49,"Ghusun, Ghusoon ",F,,
50,Ghuzayyah ,F,,
51,Gohar ,F,,
52,Grana ,F,,
53,Gul ,F,,
54,Gul Azra ,F,,
55,Gul Badan ,F,,
56,Gul Bahar ,F,,
57,Gul Bano ,F,,
58,Gul Barg ,F,,
59,Gul Chehra ,F,,
60,Gul Izar ,F,,
61,Gul Makai ,F,,
62,Gul Mehtab ,F,,
63,Gul Mina ,F,,
64,Gul Nasreen ,F,,
65,Gul Panrha ,F,,
66,Gul Rang ,F,,
67,Gul Ru ,F,,
68,Gul Rukh ,F,,
69,Gul Warin ,F,,
70,Gul-e-Rana ,F,,
71,Gulab ,F,,
72,Gulalai ,F,,
73,Gulali ,F,,
74,Gulchin ,F,,
75,Guldin ,F,,
76,Guleen ,F,,
77,Gulistan ,F,,
78,Gulnar ,F,,
79,Gulnaz ,F,,
80,Gulrez ,F,,
81,Gulsana ,F,,
82,Gulshan ,F,,
83,Gulzaar ,F,, 
1,Haajar ,F,,
2,Hababah ,F,,
3,Habiba ,F,,
4,Habibah ,F,,
5,"Habibah, Habeeba ",F,,
6,Hablah ,F,,
7,Haboos ,F,,
8,Hadaya ,F,,
9,Hadeel ,F,,
10,Hadeeqa ,F,,
11,Hadeeqah ,F,,
12,Hadil ,F,,
13,Hadiqah ,F,,
14,Hadiya ,F,,
15,Hadiyah ,F,,
16,"Hadiyah, Haadiya ",F,,
17,Hadiyyah ,F,,
18,Hadya ,F,,
19,Haeda ,F,,
20,Haemah ,F,,
21,Hafa ,F,,
22,Hafeeza ,F,,
23,Haffafa ,F,,
24,Hafiza ,F,,
25,Hafizah ,F,,
26,Hafsa ,F,,
27,Hafsah ,F,,
28,"Hafsah, Hafsa ",F,,
29,Hafthah ,F,,
30,Haida ,F,,
31,Haifa ,F,,
32,"Haifa, Hayfa ",F,,
33,Haiqa ,F,,
34,Hajar ,F,,
35,Hajira ,F,,
36,Hajjah ,F,,
37,Hajna ,F,,
38,Hajrah ,F,,
39,Hakeema ,F,,
40,Hakima ,F,,
41,Hakimah ,F,,
42,Hala ,F,,
43,Halah ,F,,
44,"Halah, Haala ",F,,
45,Haleema ,F,,
46,Halia ,F,,
47,Halima ,F,,
48,Halimah ,F,,
49,"Halimah, Haleema ",F,,
50,Hamama ,F,,
51,Hamamah ,F,,
52,Hamas ,F,,
53,Hamda ,F,,
54,Hamdan ,F,,
55,Hamdiyah ,F,,
56,Hameeda ,F,,
57,Hamida ,F,,
58,Hamidah ,F,,
59,"Hamidah, Hameeda ",F,,
60,Hamima ,F,,
61,Hammada ,F,,
62,Hamnah ,F,,
63,Hamra ,F,,
64,Hana ,F,,
65,Hanan ,F,,
66,Hanfa ,F,,
67,Hani ,F,,
68,Hania ,F,,
69,Haniah ,F,,
70,Hanifa ,F,,
71,"Hanifah, Hanifa, Haneefa ",F,,
72,Hanin ,F,,
73,Haniya ,F,,
74,Haniyah ,F,,
75,"Haniyyah, Haniya ",F,,
76,Hanna ,F,,
77,Hannah ,F,,
78,Hanoon ,F,,
79,Hanoona ,F,,
80,Hareem ,F,,
81,Hareer ,F,,
82,Harisa ,F,,
83,Haroona ,F,,
84,Hasana ,F,,
85,Hashmat ,F,,
86,Hasiba ,F,,
87,Hasibah ,F,,
88,Hasifa ,F,,
89,Hasina ,F,,
90,Hasinah ,F,,
91,Hasna ,F,,
92,"Hasnah, Hasna, Hasna ",F,,
93,Hasnat ,F,,
94,Hassana ,F,,
95,Hatima ,F,,
96,"Hawa, Hawwa ",F,,
97,Hawadah ,F,,
98,Hawazin ,F,,
99,Hawiya ,F,,
100,Hawla ,F,,
101,Hawra ,F,,
102,Hawwa ,F,,
103,Haya ,F,,
104,Hayah ,F,,
105,"Hayah, Hayat ",F,,
106,Hayam ,F,,
107,"Hayam, Hayaam ",F,,
108,Hayat ,F,,
109,Hayed ,F,,
110,Hayfa ,F,,
111,Hayrah ,F,,
112,Hayud ,F,,
113,Hazar ,F,,
114,Hazeena ,F,,
115,Hazeerah ,F,,
116,Hazima ,F,,
117,Hazimah ,F,,
118,Haziqa ,F,,
119,Haziqah ,F,,
120,Hazira ,F,,
121,Hazirah ,F,,
122,Hazzafa ,F,,
123,Heba ,F,,
124,Heela ,F,,
125,Heer ,F,,
126,Helai ,F,,
127,Hena ,F,,
128,Henna ,F,,
129,Hessa ,F,,
130,Heyam ,F,,
131,Hiba ,F,,
132,Hibah ,F,,
133,Hibat Allah ,F,,
134,Hibatullah ,F,,
135,Hibba ,F,,
136,Hibbah ,F,,
137,Hidayah ,F,,
138,Hidiyah ,F,,
139,Hifza ,F,,
140,Hijab ,F,,
141,Hijrah ,F,,
142,"Hikmah, Hikmat ",F,,
143,Hikmat ,F,,
144,Hila ,F,,
145,Hilal ,F,,
146,Hina ,F,,
147,Hind ,F,,
148,Hindah ,F,,
149,Hira ,F,,
150,Hirah ,F,,
151,Hiyam ,F,,
152,Hoor ,F,,
153,Hooria ,F,,
154,Hooriya ,F,,
155,Hoorulain ,F,,
156,Horia ,F,,
157,Hoyam ,F,,
158,Hubab ,F,,
159,Hubayshah ,F,,
160,Hubba ,F,,
161,Huboor ,F,,
162,Huda ,F,,
163,"Huda, Hooda ",F,,
164,Hudun ,F,,
165,Hujaymah ,F,,
166,Hujayrah ,F,,
167,Hukaymah ,F,,
168,Hukayman ,F,,
169,Hulyah ,F,,
170,Huma ,F,,
171,Humaida ,F,,
172,Humaira ,F,,
173,"Humairah, Humayrah ",F,,
174,Humaydah ,F,,
175,Humayrah ,F,,
176,Humera ,F,,
177,Humra ,F,,
178,"Hunaidah, Hunaydah ",F,,
179,Hunaydah ,F,,
180,Hur ,F,,
181,Hura ,F,,
182,"Huriyah, Huriyyah, Hooriya ",F,,
183,Hurmat ,F,,
184,Hurriya ,F,,
185,Hurya ,F,,
186,Husaina ,F,,
187,Husay ,F,,
188,Hushaima ,F,,
189,Husn ,F,,
190,Husn Ara ,F,,
191,Husna ,F,,
192,Husni ,F,,
193,Husniya ,F,,
194,Husniyah ,F,,
195,Hutun ,F,,
196,"Huwaidah, Huwaydah ",F,,
197,Huwaydah ,F,,
198,Huzuz ,F,,
199,Hzim ,F,, 
1,Iba ,F,,
2,Ibadah ,F,,
3,Ibadat ,F,,
4,Ibrisam ,F,,
5,Ibrisami ,F,,
6,Ibriz ,F,,
7,Ibthaj ,F,,
8,Ibtihaj ,F,,
9,"Ibtihaj, Ibtihaaj ",F,,
10,Ibtihal ,F,,
11,Ibtisam ,F,,
12,Ibtisama ,F,,
13,Idhar ,F,,
14,Idrak ,F,,
15,Ieta ,F,,
16,Iffah ,F,,
17,"Iffah, Iffat ",F,,
18,Iffat ,F,,
19,Iffat-Ara ,F,,
20,Ifra ,F,,
21,Ifrah ,F,,
22,Iftikar ,F,,
23,Iftikhar ,F,,
24,Iftinan ,F,,
25,Ihtisham ,F,,
26,Ijaz ,F,,
27,Ijlal ,F,,
28,Ijliyah ,F,,
29,Ikhlas ,F,,
30,Iklil ,F,,
31,Ikram ,F,,
32,"Ikram, Ikraam ",F,,
33,Ilham ,F,,
34,"Ilham, Ilhaam ",F,,
35,Ilhanath ,F,,
36,Ilm ,F,,
37,Iltimas ,F,,
38,Ilyas ,F,,
39,Imaan ,F,,
40,Iman ,F,,
41,Imani ,F,,
42,Imrana ,F,,
43,Imthithal ,F,,
44,Imtihal ,F,,
45,Imtinan ,F,,
46,Imtisal ,F,,
47,Imtithal ,F,,
48,Imtiyaz ,F,,
49,In'am ,F,,
50,Inam ,F,,
51,"Inam, Inaam ",F,,
52,Inan ,F,,
53,Inas ,F,,
54,Inaya ,F,,
55,Inayah ,F,,
56,"Inayah, Inayat ",F,,
57,Inayat ,F,,
58,Indela ,F,,
59,Injila ,F,,
60,Insaf ,F,,
61,Insha ,F,,
62,Inshirah ,F,,
63,Intessar ,F,,
64,Intisar ,F,,
65,"Intisar, Intisaar ",F,,
66,Intisarat ,F,,
67,Iqamat ,F,,
68,Iqlas ,F,,
69,Iqra ,F,,
70,Iradat ,F,,
71,Iraj ,F,,
72,Iram ,F,,
73,Irem ,F,,
74,Irfana ,F,,
75,Irtiza ,F,,
76,Isa ,F,,
77,Isad ,F,,
78,Isaf ,F,,
79,Isar ,F,,
80,Isha ,F,,
81,Ishfaq ,F,,
82,Ishraq ,F,,
83,Ishrat ,F,,
84,Ishrat Jahan ,F,,
85,Isir ,F,,
86,Islah ,F,,
87,Isma ,F,,
88,"Ismah, Ismat ",F,,
89,Ismat ,F,,
90,Ismat-Ara ,F,,
91,Isood ,F,,
92,Isra ,F,,
93,Istabraq ,F,,
94,Istilah ,F,,
95,Itab ,F,,
96,Itaf ,F,,
97,Ithar ,F,,
98,Itidal ,F,,
99,Itimad ,F,,
100,Itrat ,F,,
101,Izahet ,F,,
102,Izaz ,F,,
103,Izdihar ,F,,
104,"Izdihar, Izdihaar ",F,,
105,Izma ,F,,
106,Izz ,F,,
107,Izz an-Nisa ,F,,
108,Izza an-Nisa ,F,,
109,Izzah ,F,,
110,Izzah (Izzat) ,F,,
111,Izzat ,F,, 
1,Jaan ,F,,
2,Jabala ,F,,
3,Jabalah ,F,,
4,Jabarah ,F,,
5,Jabeen ,F,,
6,Jabira ,F,,
7,Jabirah ,F,,
8,Jabrayah ,F,,
9,Jada ,F,,
10,Jadida ,F,,
11,Jadwa ,F,,
12,Jahaan ,F,,
13,Jahan ,F,,
14,Jahan Aara ,F,,
15,Jahan Ara ,F,,
16,Jahan Khatoon ,F,,
17,Jahanara ,F,,
18,Jahdamah ,F,,
19,Jahida ,F,,
20,Jahmyyllah ,F,,
21,Jaiyana ,F,,
22,Jal Pari ,F,,
23,Jala ,F,,
24,"Jala, Jala ",F,,
25,Jaleelah ,F,,
26,Jaleesah ,F,,
27,Jalila ,F,,
28,Jalilah ,F,,
29,Jalsaan ,F,,
30,Jalwa ,F,,
31,Jamaima ,F,,
32,Jamal ,F,,
33,Jamala ,F,,
34,Jameelah ,F,,
35,Jamia ,F,,
36,Jamila ,F,,
37,Jamilah ,F,,
38,"Jamilah, Jameela ",F,,
39,Jammana ,F,,
40,Jana ,F,,
41,Janaan ,F,,
42,Janan ,F,,
43,"Janan, Janaan ",F,,
44,Janna ,F,,
45,Jannah ,F,,
46,Jannat ,F,,
47,Jannatul Firdaus ,F,,
48,Jariyah ,F,,
49,Jaseena ,F,,
50,Jasia ,F,,
51,Jasmin ,F,,
52,Jasmina ,F,,
53,Jasmine ,F,,
54,Jasrah ,F,,
55,Jassia ,F,,
56,Javairea ,F,,
57,Jawa ,F,,
58,Jawahir ,F,,
59,Jawda ,F,,
60,Jawedan ,F,,
61,Jawhara ,F,,
62,Jawharah ,F,,
63,Jawl ,F,,
64,Jawna ,F,,
65,Jaza ,F,,
66,Jazibiyya ,F,,
67,Jehaan ,F,,
68,Jehan ,F,,
69,Jemimah ,F,,
70,Jenna ,F,,
71,Jennah ,F,,
72,Jessenia ,F,,
73,Jewana ,F,,
74,Jian ,F,,
75,Jibla ,F,,
76,Jihan ,F,,
77,Jilan ,F,,
78,Jina ,F,,
79,Jinan ,F,,
80,Johara ,F,,
81,Joindah ,F,,
82,Joodi ,F,,
83,Joya ,F,,
84,Jud ,F,,
85,Judaala ,F,,
86,Judamah ,F,,
87,Judi ,F,,
88,Juhainah ,F,,
89,"Juhainah, Juhaynah ",F,,
90,Juhanah ,F,,
91,Juhaymah ,F,,
92,Juhi ,F,,
93,Jumaana ,F,,
94,Jumaina ,F,,
95,Juman ,F,,
96,Jumana ,F,,
97,"Jumanah, Jumaana ",F,,
98,Jumaymah ,F,,
99,Jumaynah ,F,,
100,Jun ,F,,
101,Junah ,F,,
102,Junayna ,F,,
103,Juni ,F,,
104,Junna ,F,,
105,Junnut ,F,,
106,"Juwairiyah, Juwayriyah ",F,,
107,Juwan ,F,,
108,Juwariah ,F,,
109,Juwariyah ,F,,
110,Juzla ,F,, 
1,Kabeesha ,F,,
2,Kabira ,F,,
3,Kabirah ,F,,
4,Kabshah ,F,,
5,Kadshah ,F,,
6,Kaheela ,F,,
7,Kaheesha ,F,,
8,Kaif ,F,,
9,Kaifiya ,F,,
10,Kaina ,F,,
11,Kainaat ,F,,
12,Kakuli ,F,,
13,Kaleemah ,F,,
14,Kalila ,F,,
15,Kalsam ,F,,
16,Kalsoom ,F,,
17,Kaltham ,F,,
18,Kamaliyah ,F,,
19,Kamila ,F,,
20,Kamilah ,F,,
21,Kamna ,F,,
22,Kaneez ,F,,
23,Kaneezah ,F,,
24,Kaniz ,F,,
25,Kanval ,F,,
26,Kanwal ,F,,
27,Kanz ,F,,
28,Kanza ,F,,
29,Kanzah ,F,,
30,Karam ,F,,
31,Karamat ,F,,
32,Karawan ,F,,
33,Kardawaiyah ,F,,
34,Kardawiyah ,F,,
35,Karida ,F,,
36,Karima ,F,,
37,Karimah ,F,,
38,"Karimah, Kareema ",F,,
39,Kariman ,F,,
40,Karma ,F,,
41,Kas ,F,,
42,Kashfia ,F,,
43,Kashfiya ,F,,
44,Kashida ,F,,
45,Kashifah ,F,,
46,Kashira ,F,,
47,Kashish ,F,,
48,Kashmala ,F,,
49,Kashooda ,F,,
50,Kashud ,F,,
51,Kasirah ,F,,
52,Kasool ,F,,
53,Kasturi ,F,,
54,Kathirah ,F,,
55,Kaukab ,F,,
56,Kaureen ,F,,
57,Kausar ,F,,
58,Kawakib ,F,,
59,Kawkab ,F,,
60,Kawthar ,F,,
61,Kaysah ,F,,
62,Kazima ,F,,
63,Kehkashan ,F,,
64,Khabira ,F,,
65,Khadeeja ,F,,
66,Khadija ,F,,
67,Khadijah ,F,,
68,"Khadijah, Khadeeja ",F,,
69,Khadra ,F,,
70,Khafifa ,F,,
71,Khaila ,F,,
72,Khair ,F,,
73,Khaira ,F,,
74,Khairat ,F,,
75,Khairiya ,F,,
76,Khairun Nisa ,F,,
77,Khakshan ,F,,
78,Khaleesah ,F,,
79,Khalida ,F,,
80,Khalidah ,F,,
81,"Khalidah, Khalida ",F,,
82,Khalilah ,F,,
83,Khalisa ,F,,
84,Khalisah ,F,,
85,Khalwat ,F,,
86,Khan Zadi ,F,,
87,Khanam ,F,,
88,Khani ,F,,
89,Khansa ,F,,
90,Khaperai ,F,,
91,Kharijah ,F,,
92,Kharo ,F,,
93,Kharqa ,F,,
94,Khashar ,F,,
95,Khashia ,F,,
96,Khashifa ,F,,
97,Khasiba ,F,,
98,Khatera ,F,,
99,Khatiba ,F,,
100,Khatira ,F,,
101,Khatoon ,F,,
102,Khaula ,F,,
103,Khawara ,F,,
104,Khawlah ,F,,
105,Khayrah ,F,,
106,Khayriyah ,F,,
107,"Khayriyah, Khayriyyah, Khairiya ",F,,
108,Khayriyyah ,F,,
109,Khazanah ,F,,
110,Khazeena ,F,,
111,Khidrah ,F,,
112,Khitam ,F,,
113,Khitfa ,F,,
114,Khojassteh ,F,,
115,Khudamah ,F,,
116,Khudra ,F,,
117,Khudrah ,F,,
118,Khulaidah ,F,,
119,Khulat ,F,,
120,Khulaybah ,F,,
121,Khuld ,F,,
122,Khulud ,F,,
123,"Khulud, Khulood ",F,,
124,Khurmi ,F,,
125,Khursheed ,F,,
126,Khurshid Jahan ,F,,
127,Khusbakht ,F,,
128,Khushbakht ,F,,
129,Khushbu ,F,,
130,Khushnood ,F,,
131,Khushnuda ,F,,
132,Khuwailah ,F,,
133,Khuwaylah ,F,,
134,Khuzama ,F,,
135,Khuzamah ,F,,
136,Kifah ,F,,
137,Kinza ,F,,
138,Kiran ,F,,
139,Kishwar ,F,,
140,Kiswa ,F,,
141,Kiswar ,F,,
142,Kochai ,F,,
143,Kohinoor ,F,,
144,Koila ,F,,
145,Kokab ,F,,
146,Komal ,F,,
147,Kontara ,F,,
148,Korina ,F,,
149,Kowaisah ,F,,
150,Kuaybah ,F,,
151,Kubra ,F,,
152,Kuhaylah ,F,,
153,Kulsoom ,F,,
154,Kulthum ,F,,
155,"Kulthum, Kulthoom ",F,,
156,Kulus ,F,,
157,Kunza ,F,,
158,Kuwaysah ,F,,
159,Kyda ,F,, 
1,Laaibah ,F,,
2,Laal ,F,,
3,Labiba ,F,,
4,Labibah ,F,,
5,Ladan ,F,,
6,Lafiza ,F,,
7,Lahifa ,F,,
8,Laiba ,F,,
9,Laiha ,F,,
10,Lail ,F,,
11,Laila ,F,,
12,Laiqa ,F,,
13,Lakhsha ,F,,
14,Lakhta ,F,,
15,Lala ,F,,
16,Lalma ,F,,
17,Lalzari ,F,,
18,Lama ,F,,
19,Lamah ,F,,
20,Lamba ,F,,
21,Lamees ,F,,
22,Lamia ,F,,
23,Lamiah ,F,,
24,Lamis ,F,,
25,"Lamis, Lamees ",F,,
26,Lamisa ,F,,
27,Lamisah ,F,,
28,Lamiya ,F,,
29,Lamya ,F,,
30,"Lamya, Lamya ",F,,
31,Lana ,F,,
32,Lanika ,F,,
33,Laraib ,F,,
34,Laseef ,F,,
35,Lashirah ,F,,
36,Latifa ,F,,
37,Latifah ,F,,
38,"Latifah, Lateefa ",F,,
39,Latimah ,F,,
40,Lawaiza ,F,,
41,Layaan ,F,,
42,Layali ,F,,
43,Layan ,F,,
44,Layina ,F,,
45,Layla ,F,,
46,"Layla, Leila ",F,,
47,Layyah ,F,,
48,Lazim ,F,,
49,Leena ,F,,
50,Leila ,F,,
51,Leilah ,F,,
52,Lema ,F,,
53,Liba ,F,,
54,Lina ,F,,
55,"Linah, Lina, Leena ",F,,
56,Liyana ,F,,
57,Liza ,F,,
58,Lu Luah ,F,,
59,Lu'lu ,F,,
60,Lubab ,F,,
61,Lubaba ,F,,
62,Lubabah ,F,,
63,"Lubabah, Lubaaba ",F,,
64,Luban ,F,,
65,Lubana ,F,,
66,Lubanah ,F,,
67,Lubena ,F,,
68,Lublubah ,F,,
69,Lubna ,F,,
70,Luja ,F,,
71,"Lujain, Lujayn ",F,,
72,Lujaina ,F,,
73,Lujayn ,F,,
74,Lulu ,F,,
75,Lulua ,F,,
76,"Luluah, Lulwa ",F,,
77,Luna ,F,,
78,Lunah ,F,,
79,Lutf ,F,,
80,Lutfana ,F,,
81,Lutfiya ,F,,
82,Lutfiyah ,F,,
83,Lutfun Nisa ,F,, 
1,Ma as-sama ,F,,
2,Ma'isah ,F,,
3,Maab ,F,,
4,Maahnoor ,F,,
5,Maali ,F,,
6,Mabrooka ,F,,
7,Mada ,F,,
8,Madaniya ,F,,
9,Madaniyah ,F,,
10,Madeeha ,F,,
11,Madhat ,F,,
12,Madiha ,F,,
13,Madihah ,F,,
14,"Madihah, Madeeha ",F,,
15,Mah ,F,,
16,Mah Jabin ,F,,
17,Mah Liqa ,F,,
18,Mah Naz ,F,,
19,Mah Noor ,F,,
20,Mah Rukh ,F,,
21,Maha ,F,,
22,Mahabbah ,F,,
23,Mahala ,F,,
24,Mahalfa ,F,,
25,Maham ,F,,
26,Mahasin ,F,,
27,Mahbasah ,F,,
28,Mahbooba ,F,,
29,Mahbubah ,F,,
30,Mahdiya ,F,,
31,Mahdiyah ,F,,
32,Maheen ,F,,
33,mahek ,F,,
34,Mahfooza ,F,,
35,Mahfuzah ,F,,
36,Mahibah ,F,,
37,Mahin ,F,,
38,Mahira ,F,,
39,Mahirah ,F,,
40,Mahjabeen ,F,,
41,Mahjooba ,F,,
42,Mahmooda ,F,,
43,Mahmoodatun Nisa ,F,,
44,Mahnaz ,F,,
45,Mahneerah ,F,,
46,Mahnoor ,F,,
47,Mahparah ,F,,
48,Mahreen ,F,,
49,Mahrosh ,F,,
50,Mahroz ,F,,
51,Mahtab ,F,,
52,Mahtalat ,F,,
53,Mahum ,F,,
54,Mahveen ,F,,
55,Mahvish ,F,,
56,Mahwish ,F,,
57,Mahzala ,F,,
58,Maida ,F,,
59,Mailiha ,F,,
60,Maimana ,F,,
61,Maimoona ,F,,
62,"Maimoona, Maymunah ",F,,
63,Maira ,F,,
64,Maisa ,F,,
65,Maisaa ,F,,
66,"Maisah, Maisa ",F,,
67,Maisara ,F,,
68,Maisarah ,F,,
69,Maisoon ,F,,
70,Maisoora ,F,,
71,Maizah ,F,,
72,Majda ,F,,
73,Majdiya ,F,,
74,Majeeda ,F,,
75,Majha ,F,,
76,Majida ,F,,
77,Majidah ,F,,
78,"Majidah, Majida ",F,,
79,Makarim ,F,,
80,"Makarim, Makaarim ",F,,
81,Makhtooma ,F,,
82,Makhtoonah ,F,,
83,Makkiyah ,F,,
84,Maktoomah ,F,,
85,Maktoonah ,F,,
86,Maladh ,F,,
87,Malaha ,F,,
88,Malaika ,F,,
89,Malak ,F,,
90,Malakah ,F,,
91,Malalai ,F,,
92,Malayeka ,F,,
93,Maleehah ,F,,
94,Maleeka ,F,,
95,Maliha ,F,,
96,Malika ,F,,
97,Malikah ,F,,
98,Malka ,F,,
99,Malmal ,F,,
100,Mamoona ,F,,
101,Manab ,F,,
102,Manahil ,F,,
103,Manal ,F,,
104,"Manal, Manaal ",F,,
105,Manar ,F,,
106,"Manar, Manaar ",F,,
107,Manara ,F,,
108,Mandal ,F,,
109,Manfoosah ,F,,
110,Manha ,F,,
111,Manhalah ,F,,
112,Mann ,F,,
113,Mannana ,F,,
114,Mansoora ,F,,
115,Mansurah ,F,,
116,Manzoora ,F,,
117,Maqboola ,F,,
118,Maqboolah ,F,,
119,Maqsooda ,F,,
120,Marab ,F,,
121,Marah ,F,,
122,Maram ,F,,
123,"Maram, Maraam ",F,,
124,Mardhiah ,F,,
125,Marghuba ,F,,
126,Maria ,F,,
127,Mariam ,F,,
128,"Mariam, Maryam ",F,,
129,Marib ,F,,
130,Maridah ,F,,
131,Mariha ,F,,
132,Mariya ,F,,
133,Mariyah ,F,,
134,Marjan ,F,,
135,Marjanah ,F,,
136,Marmar ,F,,
137,Marnia ,F,,
138,Maroofa ,F,,
139,Marqooma ,F,,
140,Marwa ,F,,
141,Marwah ,F,,
142,Maryam ,F,,
143,Maryum ,F,,
144,Marziya ,F,,
145,Marzooqa ,F,,
146,Marzuqah ,F,,
147,Mas ,F,,
148,Masabeeh ,F,,
149,Masabih ,F,,
150,Masahir ,F,,
151,Masarrah ,F,,
152,Masarrat ,F,,
153,Mashal ,F,,
154,Mashel ,F,,
155,Mashhuda ,F,,
156,Mashia ,F,,
157,Mashmool ,F,,
158,Mashoodah ,F,,
159,Masira ,F,,
160,Masooda ,F,,
161,Masooma ,F,,
162,Masoomah ,F,,
163,Masoon ,F,,
164,Masrurah ,F,,
165,Mastura ,F,,
166,"Masudah, Masouda ",F,,
167,Masumah ,F,,
168,Mateenah ,F,,
169,Matina ,F,,
170,Mausooma ,F,,
171,Mavisha ,F,,
172,Mawadda ,F,,
173,Mawaddah ,F,,
174,Mawahib ,F,,
175,Mawar ,F,,
176,Mawara ,F,,
177,Mawhiba ,F,,
178,Mawhooba ,F,,
179,Mawiyah ,F,,
180,"Mawiyah, Mawiya ",F,,
181,Mawsoofa ,F,,
182,May ,F,,
183,Maya ,F,,
184,Mayameen ,F,,
185,Mayeda ,F,,
186,Maymunah ,F,,
187,"Mays, Mais ",F,,
188,Maysa ,F,,
189,"Maysa, Maysaa ",F,,
190,Maysam ,F,,
191,Maysan ,F,,
192,Maysarah ,F,,
193,Maysoon ,F,,
194,Maysun ,F,,
195,"Maysun, Maysoon ",F,,
196,Mayyada ,F,,
197,Mayyadah ,F,,
198,"Mayyadah, Mayyada ",F,,
199,Mayyasah ,F,,
200,Mazida ,F,,
201,Maziyah ,F,,
202,Medina ,F,,
203,Mehak ,F,,
204,Mehek ,F,,
205,Meher ,F,,
206,Mehjabeen ,F,,
207,Mehnaz ,F,,
208,Mehndi ,F,,
209,Mehr ,F,,
210,Mehr Angiz ,F,,
211,Mehreen ,F,,
212,Mehriban ,F,,
213,Mehrish ,F,,
214,Mehrnaz ,F,,
215,Mehrun Nisa ,F,,
216,Mehrunisa ,F,,
217,Mehry ,F,,
218,Mehtab ,F,,
219,Mehvesh ,F,,
220,Mehvish ,F,,
221,Mehwish ,F,,
222,Menaal ,F,,
223,Mersiha ,F,,
224,Merwa ,F,,
225,Meymona ,F,,
226,Mid'haa ,F,,
227,Midhaa ,F,,
228,Midhah ,F,,
229,Midhat ,F,,
230,Mina ,F,,
231,Minaal ,F,,
232,Minal ,F,,
233,Minha ,F,,
234,Minnah ,F,,
235,Minnat ,F,,
236,Minoo ,F,,
237,Mirah ,F,,
238,Miral ,F,,
239,Misaal ,F,,
240,Misam ,F,,
241,Misba ,F,,
242,Misbah ,F,,
243,Misha ,F,,
244,Mishael ,F,,
245,Mishal ,F,,
246,Mishall ,F,,
247,Mishel ,F,,
248,Miskeenah ,F,,
249,Moattar ,F,,
250,Mohaddisa ,F,,
251,Mohga ,F,,
252,Mohsana ,F,,
253,Mohsina ,F,,
254,Momina ,F,,
255,Mona ,F,,
256,Monera ,F,,
257,Mouna ,F,,
258,Mounia ,F,,
259,Mounira ,F,,
260,Muazah ,F,,
261,Muazza ,F,,
262,Muazzama ,F,,
263,Muazzaz ,F,,
264,Mubaraka ,F,,
265,Mubarakah ,F,,
266,Mubashirah ,F,,
267,Mubassirah ,F,,
268,Mubeenah ,F,,
269,Mubin ,F,,
270,Mubina ,F,,
271,Mueenah ,F,,
272,Mueerah ,F,,
273,Mufazzalah ,F,,
274,Mufiah ,F,,
275,Mufida ,F,,
276,"Mufidah, Mufeeda ",F,,
277,Mugheesah ,F,,
278,Mughirah ,F,,
279,Muhabbat ,F,,
280,Muhariba ,F,,
281,Muhayya ,F,,
282,Muhibbah ,F,,
283,Muhja ,F,,
284,Muhjah ,F,,
285,"Muhjah, Muhja ",F,,
286,Muhra ,F,,
287,Muhsinah ,F,,
288,Muida ,F,,
289,Muizza ,F,,
290,Mujahida ,F,,
291,Mujiba ,F,,
292,Mukai ,F,,
293,Mukarram ,F,,
294,Mukarrama ,F,,
295,Mukhlisa ,F,,
296,Mukhlisah ,F,,
297,Mukhtar ,F,,
298,Mulayka ,F,,
299,Mulook ,F,,
300,Mumayyaz ,F,,
301,Mumina ,F,,
302,Muminah ,F,,
303,Mumtaz ,F,,
304,Mumtaz Mahal ,F,,
305,Mumtaza ,F,,
306,Muna ,F,,
307,"Muna, Mona ",F,,
308,Munaam ,F,,
309,Munas Sabah ,F,,
310,Munawar ,F,,
311,Munawwar ,F,,
312,Munawwara ,F,,
313,Munazza ,F,,
314,Munazzah ,F,,
315,Muneeah ,F,,
316,Muneerah ,F,,
317,Munerah ,F,,
318,Muniba ,F,,
319,Munifa ,F,,
320,Munira ,F,,
321,"Munirah, Muneera ",F,,
322,Munisa ,F,,
323,Munisah ,F,,
324,Munjiyah ,F,,
325,Muntaha ,F,,
326,Muntahi ,F,,
327,Munya ,F,,
328,Munyatul Muna ,F,,
329,Muqadaas ,F,,
330,Muqadas ,F,,
331,Muqaddasa ,F,,
332,Muqbala ,F,,
333,Muqbalah ,F,,
334,Murdiyyah ,F,,
335,Muriha ,F,,
336,Murjanah ,F,,
337,Murshida ,F,,
338,Murshidah ,F,,
339,Muruj ,F,,
340,Musaddas ,F,,
341,Musaddiqa ,F,,
342,Musaddiqah ,F,,
343,Musarrat ,F,,
344,Musawat ,F,,
345,Musaykah ,F,,
346,Musfirah ,F,,
347,Mushahida ,F,,
348,Musharrafa ,F,,
349,Mushira ,F,,
350,"Mushirah, Musheera ",F,,
351,Mushtari ,F,,
352,Muska ,F,,
353,Muskan ,F,,
354,Muslima ,F,,
355,Muslimah ,F,,
356,Musn ,F,,
357,Musnah ,F,,
358,Mussah ,F,,
359,Mussaret ,F,,
360,Musta'eenah ,F,,
361,Mustaeenah ,F,,
362,Mutahhara ,F,,
363,Mutahharah ,F,,
364,Mutazah ,F,,
365,Mutia ,F,,
366,Muwaffaqa ,F,,
367,Muyassar ,F,,
368,Muzaina ,F,,
369,Muzaynah ,F,,
370,Muzna ,F,,
371,Muznah ,F,,
372,Mysha ,F,, 
1,Na'eemah ,F,,
2,Na'ilah ,F,,
3,Na'imah ,F,,
4,Naa'irah ,F,,
5,Naaji ,F,,
6,Naaz ,F,,
7,Naazira ,F,,
8,Naazneen ,F,,
9,Naba ,F,,
10,Nabaha ,F,,
11,Nabawiya ,F,,
12,Nabeeha ,F,,
13,Nabeelah ,F,,
14,Nabiha ,F,,
15,Nabihah ,F,,
16,"Nabihah, Nabeeha ",F,,
17,Nabijah ,F,,
18,Nabila ,F,,
19,Nabilah ,F,,
20,"Nabilah, Nabeela ",F,,
21,Nada ,F,,
22,Nadaa ,F,,
23,Nadia ,F,,
24,Nadida ,F,,
25,"Nadidah, Nadeeda ",F,,
26,Nadima ,F,,
27,Nadimah ,F,,
28,Nadira ,F,,
29,Nadirah ,F,,
30,"Nadirah, Nadira ",F,,
31,Nadiyah ,F,,
32,Nadiyya ,F,,
33,Nadra ,F,,
34,Nadwa ,F,,
35,"Nadwah, Nadwa ",F,,
36,Nadyne ,F,,
37,Naeema ,F,,
38,Nafasat ,F,,
39,Nafay ,F,,
40,Nafeesa ,F,,
41,Nafia ,F,,
42,Nafiah ,F,,
43,Nafisa ,F,,
44,Nafisah ,F,,
45,"Nafisah, Nafeesa ",F,,
46,Naflah ,F,,
47,Nageenah ,F,,
48,Nagheen ,F,,
49,Naghma ,F,,
50,Nagina ,F,,
51,Nahal ,F,,
52,Nahar ,F,,
53,Naheed ,F,,
54,Nahid ,F,,
55,Nahida ,F,,
56,"Nahidah, Naheeda ",F,,
57,Nahiya ,F,,
58,Nahiza ,F,,
59,Nahla ,F,,
60,"Nahlah, Nahla ",F,,
61,Nahleejah ,F,,
62,Naida ,F,,
63,Naifah ,F,,
64,Nail ,F,,
65,Naila ,F,,
66,Nailah ,F,,
67,"Nailah, Naila ",F,,
68,Naima ,F,,
69,"Naimah, Naima ",F,,
70,Nain ,F,,
71,Naina ,F,,
72,Naira ,F,,
73,Najaf ,F,,
74,Najah ,F,,
75,"Najah, Najaah ",F,,
76,Najat ,F,,
77,Najdah ,F,,
78,Najia ,F,,
79,Najiba ,F,,
80,Najibah ,F,,
81,"Najibah, Najeeba ",F,,
82,Najida ,F,,
83,Najidah ,F,,
84,Najiha ,F,,
85,Najihah ,F,,
86,Najiya ,F,,
87,Najiyah ,F,,
88,Najla ,F,,
89,Najm ,F,,
90,Najma ,F,,
91,Najmah ,F,,
92,Najmus Sahar ,F,,
93,Najwa ,F,,
94,Najwan ,F,,
95,Najya ,F,,
96,Nakhat ,F,,
97,Nama ,F,,
98,Namar ,F,,
99,Nameera ,F,,
100,Namia ,F,,
101,Namirah ,F,,
102,Namyla ,F,,
103,Nangialai ,F,,
104,Naqa ,F,,
105,Naqeebah ,F,,
106,Naqiba ,F,,
107,Naqiya ,F,,
108,Naraiman ,F,,
109,Narenja ,F,,
110,Nargis ,F,,
111,Narjis ,F,,
112,Narmin ,F,,
113,Naseeka ,F,,
114,Naseemah ,F,,
115,Naseera ,F,,
116,Naseerah ,F,,
117,Nasha ,F,,
118,Nashat ,F,,
119,Nasheed ,F,,
120,Nasheelah ,F,,
121,Nasheem ,F,,
122,Nashema ,F,,
123,Nashida ,F,,
124,Nashika ,F,,
125,Nashirah ,F,,
126,Nashita ,F,,
127,"Nashita Energetic, full of life ",F,,
128,Nashitah ,F,,
129,Nashmia ,F,,
130,Nashwa ,F,,
131,Nashwaa ,F,,
132,Nasia ,F,,
133,Nasiba ,F,,
134,Nasifa ,F,,
135,Nasifah ,F,,
136,Nasiha ,F,,
137,Nasihah ,F,,
138,Nasila ,F,,
139,Nasim ,F,,
140,Nasima ,F,,
141,Nasimah ,F,,
142,Nasiqa ,F,,
143,Nasira ,F,,
144,Nasirah ,F,,
145,Nasma ,F,,
146,Nasmah ,F,,
147,Nasooh ,F,,
148,Nasra ,F,,
149,Nasreen ,F,,
150,Nasrin ,F,,
151,Nasrullah ,F,,
152,Nasya ,F,,
153,Natasha ,F,,
154,Nathifa ,F,,
155,Natila ,F,,
156,Natiqa ,F,,
157,Naureen ,F,,
158,Naushaba ,F,,
159,Naushabah ,F,,
160,Nausheen ,F,,
161,Naveen ,F,,
162,Navil ,F,,
163,Nawal ,F,,
164,Nawar ,F,,
165,Naweed ,F,,
166,Nawel ,F,,
167,Nawfa ,F,,
168,Nawla ,F,,
169,Nawlah ,F,,
170,Nawra ,F,,
171,Nawrah ,F,,
172,Nawwal ,F,,
173,Nawwar ,F,,
174,Nayab ,F,,
175,Nayyab ,F,,
176,Nayyar ,F,,
177,Nayyara ,F,,
178,Nayyirah ,F,,
179,Nazafarin ,F,,
180,Nazaha ,F,,
181,Nazahah ,F,,
182,"Nazahah, Nazaaha ",F,,
183,Nazakat ,F,,
184,Nazan ,F,,
185,Nazanin ,F,,
186,Nazanina ,F,,
187,Nazara ,F,,
188,Nazarat ,F,,
189,Nazdana ,F,,
190,Nazeefah ,F,,
191,Nazeeha ,F,,
192,Nazeera ,F,,
193,Nazeerah ,F,,
194,Nazgul ,F,,
195,Nazia ,F,,
196,Naziah ,F,,
197,Nazifa ,F,,
198,Naziha ,F,,
199,"Nazihah, Nazeeha ",F,,
200,Nazila ,F,,
201,Nazima ,F,,
202,Nazimah ,F,,
203,Nazindah ,F,,
204,Nazira ,F,,
205,Nazirah ,F,,
206,"Nazirah, Nazeera ",F,,
207,Nazish ,F,,
208,Nazli ,F,,
209,Nazmin ,F,,
210,Nazneen ,F,,
211,Nazo ,F,,
212,Nazpari ,F,,
213,Nazrat ,F,,
214,Nazuk ,F,,
215,Nazy ,F,,
216,Neelam ,F,,
217,Neelma ,F,,
218,Neelofar ,F,,
219,Neelofer ,F,,
220,Neeshad ,F,,
221,Negar ,F,,
222,Neha ,F,,
223,Nehla ,F,,
224,Nejat ,F,,
225,Nelam ,F,,
226,Nelofar ,F,,
227,Nesrin ,F,,
228,Ni'ja ,F,,
229,Ni'mah ,F,,
230,Niaz ,F,,
231,Niazmina ,F,,
232,Nibal ,F,,
233,"Nibal, Nibaal ",F,,
234,Nibras ,F,,
235,Nida ,F,,
236,Nidaa ,F,,
237,Nidda ,F,,
238,Nigar ,F,,
239,Nighat ,F,,
240,Niha ,F,,
241,Nihad ,F,,
242,Nihal ,F,,
243,Nihel ,F,,
244,Nihla ,F,,
245,Nijah ,F,,
246,Nikhat ,F,,
247,Nilofar ,F,,
248,Nilofer ,F,,
249,Nimaat ,F,,
250,"Nimah, Naeema ",F,,
251,Nimat ,F,,
252,"Nimat, Nimaat ",F,,
253,Nimra ,F,,
254,Nina ,F,,
255,Nisa ,F,,
256,Nisha ,F,,
257,Nishat ,F,,
258,Nisreen ,F,,
259,Nisrin ,F,,
260,Nissa ,F,,
261,Niyaf ,F,,
262,Niyyat ,F,,
263,Nofal ,F,,
264,Nojood ,F,,
265,Noor ,F,,
266,Noor Jahan ,F,,
267,Noor Jehan ,F,,
268,"Noor, Nur ",F,,
269,Noor-Al-Haya ,F,,
270,Noor-ur-Rahman ,F,,
271,Noora ,F,,
272,Nooraniyah ,F,,
273,Noori ,F,,
274,Nooruddunya ,F,,
275,Noorulain ,F,,
276,Noorun Nisa ,F,,
277,Nora ,F,,
278,Noreen ,F,,
279,Noreenah ,F,,
280,Norhan ,F,,
281,Noshaba ,F,,
282,Nosheen ,F,,
283,Noshi ,F,,
284,Noshin ,F,,
285,Nouf ,F,,
286,Noureen ,F,,
287,Noush Afarin ,F,,
288,Nu'aymah ,F,,
289,Nuboogh ,F,,
290,"Nudar, Nudhar ",F,,
291,Nudbah ,F,,
292,Nudoora ,F,,
293,Nudra ,F,,
294,Nudrat ,F,,
295,Nufaysah ,F,,
296,Nuha ,F,,
297,Nuhaa ,F,,
298,"Nujud, Nojood ",F,,
299,Numa ,F,,
300,Nunah ,F,,
301,Nur al Huda ,F,,
302,Nura ,F,,
303,Nurah ,F,,
304,"Nurah, Noorah ",F,,
305,Nuriya ,F,,
306,Nuriyah ,F,,
307,Nurjenna ,F,,
308,Nurul Sahar ,F,,
309,Nuryn ,F,,
310,Nusaiba ,F,,
311,"Nusaibah, Nusaybah ",F,,
312,Nusaybah ,F,,
313,Nusrah ,F,,
314,Nusrat ,F,,
315,Nuwaira ,F,,
316,"Nuwairah, Nuwayrah ",F,,
317,Nuwwar ,F,,
318,Nuwwara ,F,,
319,Nuwwarrah ,F,,
320,Nuzar ,F,,
321,Nuzhah ,F,,
322,Nuzhat ,F,,
323,Nyasia ,F,,
324,Nyla ,F,, 
1,Obaidiyah ,F,,
2,Omera ,F,,
3,Ommata ,F,,
4,Orwiya ,F,,
5,Orzala ,F,,
6,Ozra ,F,,
7,Ozza ,F,, 
1,Pakeezah ,F,,
2,Pakiza ,F,,
3,Palwasha ,F,,
4,Panra ,F,,
5,Pardaj ,F,,
6,Pareerou ,F,,
7,Parghunda ,F,,
8,Pari ,F,,
9,Parsa ,F,,
10,Parveen ,F,,
11,Parvin ,F,,
12,Pashmina ,F,,
13,Patasa ,F,,
14,Perkha ,F,,
15,Poupak ,F,, 
1,Qabalah ,F,,
2,Qabila ,F,,
3,Qabilah ,F,,
4,Qabool ,F,,
5,Qadira ,F,,
6,Qadr ,F,,
7,Qadriyah ,F,,
8,Qadriyyah ,F,,
9,Qahira ,F,,
10,Qaifa ,F,,
11,Qailah ,F,,
12,Qaima ,F,,
13,Qamar ,F,,
14,Qamar Jahan ,F,,
15,Qamarun Nisa ,F,,
16,Qamayr ,F,,
17,Qameer ,F,,
18,Qamra ,F,,
19,Qanaat ,F,,
20,Qaniah ,F,,
21,Qantara ,F,,
22,Qaraah ,F,,
23,Qarasafahl ,F,,
24,Qareebah ,F,,
25,Qaribah ,F,,
26,Qarsafah ,F,,
27,Qaseema ,F,,
28,Qasiba ,F,,
29,Qasida ,F,,
30,Qasima ,F,,
31,Qasira ,F,,
32,Qasoomah ,F,,
33,Qaylah ,F,,
34,Qaymayriyah ,F,,
35,Qaysar ,F,,
36,Qindeel ,F,,
37,Qirat ,F,,
38,Qisaf ,F,,
39,Qismah ,F,,
40,Qismat ,F,,
41,Qiyyama ,F,,
42,Quadriyyah ,F,,
43,Qubilah ,F,,
44,Quddusiyah ,F,,
45,Quddusiyyah ,F,,
46,Qudsia ,F,,
47,Qudsiyah ,F,,
48,Quraybah ,F,,
49,Qurratul Ayn ,F,,
50,Qurratulain ,F,,
51,Qutaylah ,F,,
52,Qutayyah ,F,, 
1,Raaida ,F,,
2,Raaina ,F,,
3,Raameen ,F,,
4,Raana ,F,,
5,Raani ,F,,
6,Rabab ,F,,
7,Rabeea ,F,,
8,Rabia ,F,,
9,"Rabiah, Rabeea ",F,,
10,Rabiha ,F,,
11,Rabita ,F,,
12,Rabitah ,F,,
13,Rabiya ,F,,
14,Rabiyah ,F,,
15,Rabwa ,F,,
16,Radeyah ,F,,
17,Radifa ,F,,
18,Radiya ,F,,
19,"Radiyah, Radhiya ",F,,
20,"Radwa, Radhwaa ",F,,
21,Raeesa ,F,,
22,Raeesah ,F,,
23,Raeha ,F,,
24,Rafa ,F,,
25,"Rafa, Rafa ",F,,
26,Rafah ,F,,
27,"Rafah, Rafat ",F,,
28,Rafal ,F,,
29,Rafat ,F,,
30,Rafeeah ,F,,
31,Rafeeqah ,F,,
32,Rafia ,F,,
33,Rafiah ,F,,
34,Rafida ,F,,
35,Rafidah ,F,,
36,Rafif ,F,,
37,Rafiqa ,F,,
38,Rafiqah ,F,,
39,Rafraf ,F,,
40,Raghad ,F,,
41,Raghad or Raghda ,F,,
42,Raghada ,F,,
43,Raghd ,F,,
44,Raghiba ,F,,
45,Raghibah ,F,,
46,Raghid ,F,,
47,Raghidah ,F,,
48,Raha ,F,,
49,Rahaf ,F,,
50,Rahana ,F,,
51,Rahat ,F,,
52,Raheema ,F,,
53,Raheemah ,F,,
54,Rahifa ,F,,
55,Rahil ,F,,
56,Rahila ,F,,
57,Rahilah ,F,,
58,Rahima ,F,,
59,Rahimah ,F,,
60,Rahiq ,F,,
61,Rahla ,F,,
62,Rahma ,F,,
63,Rahmaa ,F,,
64,Rahmah ,F,,
65,Rahmat ,F,,
66,Raida ,F,,
67,Raidah ,F,,
68,"Raidah, Raaida ",F,,
69,Raifah ,F,,
70,Raiha ,F,,
71,Raihana ,F,,
72,Raima ,F,,
73,Raiqa ,F,,
74,Raiqah ,F,,
75,Raitah ,F,,
76,Raja ,F,,
77,"Raja, Raja ",F,,
78,Rajab ,F,,
79,Rajia ,F,,
80,Rajiha ,F,,
81,Rajini ,F,,
82,Rajiya ,F,,
83,Rajiyah ,F,,
84,Rajwa ,F,,
85,Rakhas ,F,,
86,Rakhima ,F,,
87,Rakhshan ,F,,
88,Rakhshi ,F,,
89,Rakhshinda ,F,,
90,Rakina ,F,,
91,Rameen ,F,,
92,Rameesah ,F,,
93,Rameesha ,F,,
94,Ramia ,F,,
95,Ramiza ,F,,
96,Ramla ,F,,
97,Ramlah ,F,,
98,Ramsha ,F,,
99,Ramza ,F,,
100,Ramzia ,F,,
101,Ramziyah ,F,,
102,Rana ,F,,
103,Rand ,F,,
104,Randa ,F,,
105,Rania ,F,,
106,Ranim ,F,,
107,"Ranim, Raneem ",F,,
108,Raniyah ,F,,
109,"Raniyah, Raniya ",F,,
110,Ranrha ,F,,
111,Ranya ,F,,
112,Raoom ,F,,
113,Raqia ,F,,
114,Raqiba ,F,,
115,Raqiqa ,F,,
116,Rasee ,F,,
117,Rasha ,F,,
118,Rashad ,F,,
119,Rashaqa ,F,,
120,Rasheeda ,F,,
121,Rasheedah ,F,,
122,Rashida ,F,,
123,"Rashidah, Rasheeda ",F,,
124,Rashiqa ,F,,
125,Rasikha ,F,,
126,Rasima ,F,,
127,Rasina ,F,,
128,Rasmiya ,F,,
129,Rasmiyah ,F,,
130,Ratiba ,F,,
131,Rauhah ,F,,
132,Raunaq ,F,,
133,Raunaq Jahan ,F,,
134,Raushan ,F,,
135,Raushan Ara ,F,,
136,Raushan Jabin ,F,,
137,Raushani ,F,,
138,Rawah ,F,,
139,Rawahah ,F,,
140,Rawdah ,F,,
141,"Rawdah, Rawdha ",F,,
142,Rawhah ,F,,
143,Rawhiyah ,F,,
144,Rawia ,F,,
145,"Rawiah, Raawiya ",F,,
146,Rawza ,F,,
147,Raya ,F,,
148,Rayan ,F,,
149,Rayann ,F,,
150,Rayhanah ,F,,
151,Rayia ,F,,
152,Raytah ,F,,
153,Rayya ,F,,
154,"Rayya, Rayyaa ",F,,
155,Razaanah ,F,,
156,Razan ,F,,
157,"Razan, Razaan ",F,,
158,Razana ,F,,
159,Razia ,F,,
160,Razina ,F,,
161,Raziqa ,F,,
162,Raziya ,F,,
163,Razwa ,F,,
164,Reeha ,F,,
165,Reem ,F,,
166,Reema ,F,,
167,Reham ,F,,
168,Rehana ,F,,
169,Rehemat ,F,,
170,Reja ,F,,
171,Resham ,F,,
172,Reshma ,F,,
173,Reshmina ,F,,
174,Reshtina ,F,,
175,Reyah ,F,,
176,Reyhana ,F,,
177,Rida ,F,,
178,Rifa ,F,,
179,Rifaat ,F,,
180,Riffat ,F,,
181,Rifqa ,F,,
182,Rihaana ,F,,
183,Rihab ,F,,
184,Riham ,F,,
185,Rihana ,F,,
186,Rija ,F,,
187,Rijja ,F,,
188,Rim ,F,,
189,"Rim, Reem ",F,,
190,Rima ,F,,
191,"Rima, Reema ",F,,
192,Rimsha ,F,,
193,Riqbah ,F,,
194,Riyaz ,F,,
195,Riza ,F,,
196,Rizeen ,F,,
197,Rizqin ,F,,
198,Rizwan ,F,,
199,Rizwana ,F,,
200,Robeena ,F,,
201,Roha ,F,,
202,Rohaan ,F,,
203,Roheen ,F,,
204,Rohi ,F,,
205,Romaana ,F,,
206,Romana ,F,,
207,Romeesa ,F,,
208,Rona ,F,,
209,Roobi ,F,,
210,Roshan ,F,,
211,Roshanak ,F,,
212,Roshina ,F,,
213,Roshini ,F,,
214,Roshni ,F,,
215,Rozinah ,F,,
216,Rua ,F,,
217,Ruaa ,F,,
218,Ruba ,F,,
219,Rubaa ,F,,
220,Rubaba ,F,,
221,Rubadah ,F,,
222,Ruban ,F,,
223,Rubay ,F,,
224,Rubi ,F,,
225,Rubina ,F,,
226,Rubiya ,F,,
227,"Rudainah, Rudaynah ",F,,
228,Rufaidah ,F,,
229,"Rufaidah, Rufaydah ",F,,
230,Rufayah ,F,,
231,Rufayda ,F,,
232,Ruhaniya ,F,,
233,Ruhee ,F,,
234,Ruhina ,F,,
235,Ruhiya ,F,,
236,Ruhm ,F,,
237,Ruhma ,F,,
238,Rukan ,F,,
239,Rukayat ,F,,
240,Rukhaylah ,F,,
241,Rukhsaar ,F,,
242,Rukhsana ,F,,
243,Rukhsar ,F,,
244,Rukhsara ,F,,
245,Rukhshana ,F,,
246,Ruksha ,F,,
247,Rumailah ,F,,
248,"Rumailah, Rumaylah ",F,,
249,Rumaisa ,F,,
250,"Rumaithah, Rumaythah ",F,,
251,Rumana ,F,,
252,Rumaysa ,F,,
253,Rumeha ,F,,
254,Rumman ,F,,
255,Rummana ,F,,
256,Ruqa ,F,,
257,Ruqaya ,F,,
258,Ruqayqah ,F,,
259,Ruqayya ,F,,
260,Ruqayyah ,F,,
261,"Ruqayyah, Ruqayya ",F,,
262,Rushd ,F,,
263,Rushda ,F,,
264,Rushdiya ,F,,
265,Ruwaa ,F,,
266,Ruwaida ,F,,
267,"Ruwaidah, Ruwaydah ",F,,
268,Ruwaydah ,F,,
269,Ruya ,F,,
270,Ruyaa ,F,,
271,Ruyah ,F,,
272,Ruzaynah ,F,, 
1,Saadat ,F,,
2,Saadia ,F,,
3,Saadiya ,F,,
4,Saaida ,F,,
5,Saaiqa ,F,,
6,Saaleha ,F,,
7,Saaliha ,F,,
8,Saara ,F,,
9,Saat ,F,,
10,Saba ,F,,
11,Sabaa ,F,,
12,Sabah ,F,,
13,Sabahat ,F,,
14,Sabat ,F,,
15,Sabburah ,F,,
16,Sabeeha ,F,,
17,Sabeen ,F,,
18,Sabeera ,F,,
19,Sabeeyah ,F,,
20,Sabha ,F,,
21,Sabia ,F,,
22,Sabih ,F,,
23,Sabiha ,F,,
24,Sabihah ,F,,
25,Sabina ,F,,
26,Sabiqa ,F,,
27,Sabiqah ,F,,
28,Sabira ,F,,
29,Sabirah ,F,,
30,"Sabirah, Saabira ",F,,
31,Sabita ,F,,
32,Sabooha ,F,,
33,Sabqat ,F,,
34,Sabr ,F,,
35,Sabrina ,F,,
36,Sabriya ,F,,
37,Sabriyah ,F,,
38,Sabuh ,F,,
39,Sabuhi ,F,,
40,Sabura ,F,,
41,Sadad ,F,,
42,Sadaf ,F,,
43,Sadah ,F,,
44,Sadaqat ,F,,
45,Sadat ,F,,
46,Sadeeqa ,F,,
47,Sadi ,F,,
48,Sadiah ,F,,
49,Sadida ,F,,
50,Sadiqa ,F,,
51,Sadiqah ,F,,
52,Sadiya ,F,,
53,Sadiyah ,F,,
54,Sadoof ,F,,
55,Sadooh ,F,,
56,Saduq ,F,,
57,Saeeda ,F,,
58,Saeedah ,F,,
59,Safa ,F,,
60,Safaa ,F,,
61,Safeena ,F,,
62,Safeerah ,F,,
63,Saffanah ,F,,
64,Saffiya ,F,,
65,Safia ,F,,
66,Safira ,F,,
67,Safiyya ,F,,
68,Safiyyah ,F,,
69,"Safiyyah, Safiya ",F,,
70,Safoor ,F,,
71,Safoorah ,F,,
72,Safreen ,F,,
73,Safun ,F,,
74,Safura ,F,,
75,Safwa ,F,,
76,Safwah ,F,,
77,Safwana ,F,,
78,Sageda ,F,,
79,Sagheerah ,F,,
80,Saghira ,F,,
81,Sahab ,F,,
82,Sahar ,F,,
83,Sahibah ,F,,
84,Sahimah ,F,,
85,Sahira ,F,,
86,Sahirah ,F,,
87,Sahla ,F,,
88,Sahlah ,F,,
89,"Sahlah, Sahla ",F,,
90,Sahrish ,F,,
91,Saiba ,F,,
92,Saibah ,F,,
93,Saida ,F,,
94,Saidah ,F,,
95,Saihah ,F,,
96,Saila ,F,,
97,Saima ,F,,
98,Saimah ,F,,
99,Saiqa ,F,,
100,Saira ,F,,
101,Sairah ,F,,
102,Sairi ,F,,
103,Sairish ,F,,
104,Saja ,F,,
105,Sajida ,F,,
106,Sajidah ,F,,
107,Sajila ,F,,
108,Sajiya ,F,,
109,Sakeenah ,F,,
110,Sakeeza ,F,,
111,Sakha ,F,,
112,Sakhawat ,F,,
113,Sakhira ,F,,
114,Sakhiya ,F,,
115,Sakina ,F,,
116,Sakinah ,F,,
117,"Sakinah, Sakeena ",F,,
118,Salam ,F,,
119,Salama ,F,,
120,Saleema ,F,,
121,Saleemah ,F,,
122,Salifah ,F,,
123,Saliha ,F,,
124,Salihah ,F,,
125,Salikah ,F,,
126,Salima ,F,,
127,Salimah ,F,,
128,"Salimah, Saleema ",F,,
129,Salma ,F,,
130,Salmaa ,F,,
131,Salmah ,F,,
132,Salsabeel ,F,,
133,Salsabil ,F,,
134,"Salsabil, Salsabeel ",F,,
135,Salwa ,F,,
136,Salwah ,F,,
137,Sama ,F,,
138,Samaa ,F,,
139,Samah ,F,,
140,"Samah, Samaah ",F,,
141,Samaira ,F,,
142,Saman ,F,,
143,Samar ,F,,
144,Samara ,F,,
145,Samarah ,F,,
146,Samawah ,F,,
147,Sameea ,F,,
148,Sameeah ,F,,
149,Sameeha ,F,,
150,Sameen ,F,,
151,Sameenah ,F,,
152,Sameera ,F,,
153,Sameh ,F,,
154,Sameya ,F,,
155,Samia ,F,,
156,Samiah ,F,,
157,Samiha ,F,,
158,"Samihah, Sameeha ",F,,
159,Samim ,F,,
160,Samima ,F,,
161,Samina ,F,,
162,Samiqa ,F,,
163,Samira ,F,,
164,Samirah ,F,,
165,"Samirah, Sameera ",F,,
166,Samitah ,F,,
167,Samiun ,F,,
168,Samiya ,F,,
169,Samiyah ,F,,
170,"Samiyah, Saamiya ",F,,
171,Sammar ,F,,
172,Samra ,F,,
173,Samrah ,F,,
174,Samreen ,F,,
175,Samrina ,F,,
176,Samshad ,F,,
177,Sana ,F,,
178,"Sana, Sanaa ",F,,
179,Sanad ,F,,
180,Sanam ,F,,
181,Sanari ,F,,
182,Sanaubar ,F,,
183,Sanaubur ,F,,
184,Sandara ,F,,
185,Sangeet ,F,,
186,Sangina ,F,,
187,Saniha ,F,,
188,Sanika ,F,,
189,Sanina ,F,,
190,Saniya ,F,,
191,Saniyah ,F,,
192,Sanjeeda ,F,,
193,Sanjeedah ,F,,
194,Saqaafa ,F,,
195,Saqabat ,F,,
196,Saqat ,F,,
197,Saqiba ,F,,
198,Sara ,F,,
199,Sarab ,F,,
200,Sarah ,F,,
201,Sarahat ,F,,
202,Sareea ,F,,
203,Sareema ,F,,
204,Sariba ,F,,
205,Sarina ,F,,
206,Sarish ,F,,
207,Sarita ,F,,
208,Sariyah ,F,,
209,Sarood ,F,,
210,Saroor ,F,,
211,Sarosh ,F,,
212,Sarra ,F,,
213,Sarrinah ,F,,
214,Sarvia ,F,,
215,Sarwa ,F,,
216,Sarwana ,F,,
217,Sarwar ,F,,
218,Sarwari ,F,,
219,Sarwat ,F,,
220,Sarwath ,F,,
221,Sarya ,F,,
222,Sasha ,F,,
223,Sataish ,F,,
224,Satila ,F,,
225,Sauda ,F,,
226,"Sauda, Sawdah ",F,,
227,Sawab ,F,,
228,Sawda ,F,,
229,Sawdah ,F,,
230,Sawera ,F,,
231,Sawsan ,F,,
232,Sayida ,F,,
233,Sayidatun Nisa ,F,,
234,Sayyah ,F,,
235,Sayyidah ,F,,
236,Seemeen ,F,,
237,Seerat ,F,,
238,Sehr ,F,,
239,Sehrish ,F,,
240,Selina ,F,,
241,Senada ,F,,
242,Senait ,F,,
243,Senzela ,F,,
244,Sfiyah ,F,,
245,Shaban ,F,,
246,Shabana ,F,,
247,Shabeehah ,F,,
248,Shabin ,F,,
249,Shabina ,F,,
250,Shabnam ,F,,
251,Shad ,F,,
252,Shadaab ,F,,
253,Shadan ,F,,
254,Shadha ,F,,
255,"Shadha, Shadhaa ",F,,
256,Shadhiyah ,F,,
257,Shadia ,F,,
258,Shadin ,F,,
259,Shadiyah ,F,,
260,Shadman ,F,,
261,Shadmani ,F,,
262,Shafaat ,F,,
263,Shafana ,F,,
264,Shafaq ,F,,
265,Shafath ,F,,
266,Shafeeqah ,F,,
267,Shaffan ,F,,
268,Shafia ,F,,
269,Shafiah ,F,,
270,Shafiqa ,F,,
271,Shafiqah ,F,,
272,Shafqat ,F,,
273,Shaghalay ,F,,
274,Shagoofa ,F,,
275,Shagoon ,F,,
276,Shaguftah ,F,,
277,Shahaba ,F,,
278,Shahada ,F,,
279,Shahamat ,F,,
280,Shahana ,F,,
281,Shahay ,F,,
282,Shahd ,F,,
283,Shahed ,F,,
284,Shaheeda ,F,,
285,Shaheen ,F,,
286,Shaheenah ,F,,
287,Shaheera ,F,,
288,Shaheerah ,F,,
289,Shahida ,F,,
290,Shahidah ,F,,
291,Shahina ,F,,
292,Shahiqa ,F,,
293,Shahirah ,F,,
294,Shahla ,F,,
295,Shahlah ,F,,
296,Shahlalai ,F,,
297,Shahnaaz ,F,,
298,Shahnaz ,F,,
299,Shahnoor ,F,,
300,Shahra ,F,,
301,Shahrazad ,F,,
302,Shahrbano ,F,,
303,Shahrin ,F,,
304,Shahrnaz ,F,,
305,Shahrzadah ,F,,
306,Shahzaadee ,F,,
307,Shahzadi ,F,,
308,Shaiba ,F,,
309,Shaila ,F,,
310,Shaima ,F,,
311,Shaira ,F,,
312,Shairah ,F,,
313,Shaista ,F,,
314,Shaistah ,F,,
315,Shajarah ,F,,
316,Shajee'ah ,F,,
317,Shajeea ,F,,
318,Shakeeba ,F,,
319,Shakeelah ,F,,
320,Shakila ,F,,
321,Shakira ,F,,
322,Shakirah ,F,,
323,Shakufa ,F,,
324,Shakura ,F,,
325,Shakurah ,F,,
326,Shalimar ,F,,
327,Shama ,F,,
328,Shamail ,F,,
329,Shamailah ,F,,
330,Shamamah ,F,,
331,Shameela ,F,,
332,Shameem ,F,,
333,Shameemah ,F,,
334,Shamikh ,F,,
335,Shamila ,F,,
336,Shamilah ,F,,
337,Shamim ,F,,
338,Shamima ,F,,
339,Shamira ,F,,
340,Shamis ,F,,
341,Shamma ,F,,
342,Shamoodah ,F,,
343,Shams ,F,,
344,Shamsa ,F,,
345,Shamshad ,F,,
346,Shamsia ,F,,
347,Shamsun Nahar ,F,,
348,Shamsun Nisa ,F,,
349,Shamuda ,F,,
350,Shanaz ,F,,
351,Shanika ,F,,
352,Shanum ,F,,
353,Shaperai ,F,,
354,Shaqeeqah ,F,,
355,Shaqiqa ,F,,
356,Shaqra ,F,,
357,Sharaf ,F,,
358,Shareekah ,F,,
359,Shareen ,F,,
360,Sharfa ,F,,
361,Sharia ,F,,
362,Sharifa ,F,,
363,Sharifah ,F,,
364,"Sharifah, Shareefa, Sherrifah ",F,,
365,Shariqah ,F,,
366,Sharleez ,F,,
367,Sharmeela ,F,,
368,Sharmeen ,F,,
369,Sharmin ,F,,
370,Shasa ,F,,
371,Shasmeen ,F,,
372,Shasun Nahar ,F,,
373,Shatha ,F,,
374,Shawq ,F,,
375,Shayaan ,F,,
376,Shayla ,F,,
377,Shayma ,F,,
378,"Shayma, Shaymaa ",F,,
379,Shaza ,F,,
380,Shazana ,F,,
381,Shazfa ,F,,
382,Shazia ,F,,
383,Shazmah ,F,,
384,Shazmina ,F,,
385,Sheeba ,F,,
386,Sheema ,F,,
387,Sheen ,F,,
388,Sheenaz ,F,,
389,Shehla ,F,,
390,Shehr bano ,F,,
391,Shehzadi ,F,,
392,Shehzeen ,F,,
393,Sheila ,F,,
394,Shellah ,F,,
395,Sherin ,F,,
396,Shermin ,F,,
397,Sheyla ,F,,
398,Sheza ,F,,
399,Shezan ,F,,
400,Shifa ,F,,
401,Shihaam ,F,,
402,Shillan ,F,,
403,Shimaa ,F,,
404,Shimah ,F,,
405,Shimaz ,F,,
406,Shinkai ,F,,
407,Shinogai ,F,,
408,Shireen ,F,,
409,Shiya ,F,,
410,Shiyaaj ,F,,
411,Shiyam ,F,,
412,Shiza ,F,,
413,Shola ,F,,
414,Shu'a ,F,,
415,Shua ,F,,
416,Shuaila ,F,,
417,Shudun ,F,,
418,Shughla ,F,,
419,Shuhda ,F,,
420,Shuhrah ,F,,
421,Shuhrat ,F,,
422,Shujana ,F,,
423,Shukr ,F,,
424,Shukrah ,F,,
425,Shukriyah ,F,,
426,Shumaila ,F,,
427,Shumaylah ,F,,
428,Shumaysah ,F,,
429,Shuqra ,F,,
430,Shurafa ,F,,
431,Shurooq ,F,,
432,Shuruq ,F,,
433,Sibaal ,F,,
434,"Sibal, Sibaal ",F,,
435,Siddiqa ,F,,
436,Siddiqah ,F,,
437,Siddra ,F,,
438,Sidra ,F,,
439,Sidrah ,F,,
440,Siham ,F,,
441,"Siham, Sihaam ",F,,
442,Silai ,F,,
443,Silma ,F,,
444,Sima ,F,,
445,Simaab ,F,,
446,Simah ,F,,
447,Simin ,F,,
448,Simra ,F,,
449,Simrah ,F,,
450,Sirah ,F,,
451,Sireen ,F,,
452,"Sirin, Sireen ",F,,
453,Sitara ,F,,
454,Sitarah ,F,,
455,Siyana ,F,,
456,Sobia ,F,,
457,Sobiya ,F,,
458,Sofia ,F,,
459,Sogand ,F,,
460,Soha ,F,,
461,Somaya ,F,,
462,Sonia ,F,,
463,Soraiya ,F,,
464,Soraya ,F,,
465,Sorfina ,F,,
466,Souhayla ,F,,
467,Sparghai ,F,,
468,Su'ad ,F,,
469,Suad ,F,,
470,"Suad, Souad ",F,,
471,Subaha ,F,,
472,Subayah ,F,,
473,Subaytah ,F,,
474,Subbiha ,F,,
475,Subh ,F,,
476,Subhaan ,F,,
477,Subhah ,F,,
478,Subhana ,F,,
479,Subhiyah ,F,,
480,Subuhi ,F,,
481,Suda ,F,,
482,Sudi ,F,,
483,Sufia ,F,,
484,Sufiya ,F,,
485,Sughra ,F,,
486,Suha ,F,,
487,Suhaila ,F,,
488,"Suhailah, Suhaylah ",F,,
489,Suhaima ,F,,
490,"Suhaimah, Suhaymah ",F,,
491,Suhair ,F,,
492,"Suhair, Suhayr ",F,,
493,Suhaira ,F,,
494,Suhaylah ,F,,
495,Suhaymah ,F,,
496,Suhayr ,F,,
497,Suheera ,F,,
498,Sujah ,F,,
499,Sukaina ,F,,
500,"Sukainah, Sukaynah ",F,,
501,Sukaynah ,F,,
502,Sulafa ,F,,
503,Sulafah ,F,,
504,Sulaima ,F,,
505,Sultana ,F,,
506,Sultanah ,F,,
507,Sulwa ,F,,
508,Sumaira ,F,,
509,"Sumaira, Sumayra ",F,,
510,Sumaiya ,F,,
511,Sumaiyah ,F,,
512,"Sumaiyah, Sumayyah ",F,,
513,Sumamah ,F,,
514,Sumanah ,F,,
515,Sumara ,F,,
516,Sumaya ,F,,
517,Sumayrah ,F,,
518,Sumaytah ,F,,
519,Sumbal ,F,,
520,Sumbul ,F,,
521,Suml ,F,,
522,Sumlina ,F,,
523,Summar ,F,,
524,Summaya ,F,,
525,Summayyah ,F,,
526,Sumnah ,F,,
527,Sumra ,F,,
528,Sunat ,F,,
529,Sunbul ,F,,
530,Sunbula ,F,,
531,Sundas ,F,,
532,Sundus ,F,,
533,Sunya ,F,,
534,"Sura, Suraa ",F,,
535,Suraiya ,F,,
536,Suraya ,F,,
537,Surayya ,F,,
538,Suri ,F,,
539,Susan ,F,,
540,Sussan ,F,,
541,Suwaybah ,F,,
542,Suwaydah ,F,,
543,Swiyyah ,F,, 
1,Taadeel ,F,,
2,Taaliah ,F,,
3,Taaqul ,F,,
4,Taasees ,F,,
5,tab ,F,,
6,Taba ,F,,
7,Tabalah ,F,,
8,Taban ,F,,
9,Tabana ,F,,
10,Tabani ,F,,
11,Tabassum ,F,,
12,Tabeedah ,F,,
13,Tabeen ,F,,
14,Tabeer ,F,,
15,Tabina ,F,,
16,Tabinda ,F,,
17,Tafida ,F,,
18,Taghrid ,F,,
19,Tahani ,F,,
20,Taheera ,F,,
21,Tahera ,F,,
22,Tahira ,F,,
23,Tahirah ,F,,
24,"Tahirah, Taahira ",F,,
25,Tahiya ,F,,
26,Tahiyah ,F,,
27,Tahiyat ,F,,
28,Tahkeem ,F,,
29,Tahleem ,F,,
30,Tahmina ,F,,
31,Tahreem ,F,,
32,Tahseen ,F,,
33,Tahseenah ,F,,
34,Taiba ,F,,
35,Taibah ,F,,
36,Taif ,F,,
37,Taima ,F,,
38,"Taima, Tayma ",F,,
39,Taisir ,F,,
40,Taj ,F,,
41,Tajmeel ,F,,
42,Tajweed ,F,,
43,Takiyah ,F,,
44,Takreem ,F,,
45,Talah ,F,,
46,"Talah, Taalah ",F,,
47,Talat ,F,,
48,Talbashah ,F,,
49,Talhah ,F,,
50,Tali ,F,,
51,Taliba ,F,,
52,Talibah ,F,,
53,Talwasa ,F,,
54,Tamadur ,F,,
55,Tamanna ,F,,
56,Tamara ,F,,
57,Tamazur ,F,,
58,Tameemah ,F,,
59,Tameemiya ,F,,
60,Tameen ,F,,
61,Tameez ,F,,
62,Tamkeen ,F,,
63,Tamseel ,F,,
64,Tanisha ,F,,
65,Tanjia ,F,,
66,Tannaz ,F,,
67,Tanveer ,F,,
68,Tanweer ,F,,
69,Tanzeela ,F,,
70,Tanzila ,F,,
71,Taqadus ,F,,
72,Taqdees ,F,,
73,Taqiya ,F,,
74,Taqiyah ,F,,
75,"Taqwa, Taqwaa ",F,,
76,Taqwaa ,F,,
77,Tara ,F,,
78,Taraab ,F,,
79,Tarannum ,F,,
80,Tarib ,F,,
81,Tarifa ,F,,
82,Tariqah ,F,,
83,Tarneem ,F,,
84,Taroob ,F,,
85,Tarub ,F,,
86,Tasheen ,F,,
87,Tasiyah ,F,,
88,Taslima ,F,,
89,Tasmeekh ,F,,
90,Tasmeem ,F,,
91,Tasmia ,F,,
92,Tasmin ,F,,
93,Tasneem ,F,,
94,Tasneema ,F,,
95,Tasnim ,F,,
96,Tasweeb ,F,,
97,Taufeeq ,F,,
98,Taufeer ,F,,
99,Tauqeer ,F,,
100,Tawaddud ,F,,
101,Tawbah ,F,,
102,Tawfiqa ,F,,
103,Tawoos ,F,,
104,Taybah ,F,,
105,Tayyiba ,F,,
106,Tayyibah ,F,,
107,Tayyibatun Nisa ,F,,
108,Tazim ,F,,
109,Tazima ,F,,
110,Tazkia ,F,,
111,Tazmeen ,F,,
112,Tehmina ,F,,
113,Tehreem ,F,,
114,Tehzeeb ,F,,
115,Thabitah ,F,,
116,Thaminah ,F,,
117,Thana ,F,,
118,"Thana, Thanaa ",F,,
119,Thara ,F,,
120,"Thara, Tharaa ",F,,
121,Tharwah ,F,,
122,Tharya ,F,,
123,Thashin ,F,,
124,Thawab ,F,,
125,Thoraya ,F,,
126,Thubaytah ,F,,
127,Thufailah ,F,,
128,Thuml ,F,,
129,"Thuraiya, Thurayya ",F,,
130,Thurayya ,F,,
131,"Thuwaibah, Thuwaybah ",F,,
132,Thuwaybah ,F,,
133,Tibah ,F,,
134,Tirana ,F,,
135,Tisha ,F,,
136,Tooba ,F,,
137,Trana ,F,,
138,Tuba ,F,,
139,"Tuba, Tubaa ",F,,
140,Tubaa ,F,,
141,Tufaylah ,F,,
142,Tuhfa ,F,,
143,Tulayhah ,F,,
144,Tumadur ,F,,
145,Tuqa ,F,,
146,"Tuqa, Tuqaa ",F,,
147,Turfa ,F,, 
1,Ubab ,F,,
2,"Ubab, Ubaab ",F,,
3,Ubah ,F,,
4,Ubayda ,F,,
5,Udaysah ,F,,
6,Udoola ,F,,
7,Ugay ,F,,
8,Uhud ,F,,
9,Ujala ,F,,
10,Ula ,F,,
11,Ulfah ,F,,
12,Ulfat ,F,,
13,Ulya ,F,,
14,Umaimah ,F,,
15,Umaira ,F,,
16,Umairah ,F,,
17,Umaiza ,F,,
18,Umama ,F,,
19,Umamah ,F,,
20,Umarah ,F,,
21,Umaymah ,F,,
22,Umaynah ,F,,
23,Umayrah ,F,,
24,Umayyah ,F,,
25,Umm ,F,,
26,Umm Abaan ,F,,
27,Umm Abiha ,F,,
28,Umm Fakeeh ,F,,
29,Umm Haraam ,F,,
30,Umm Kalthum ,F,,
31,Umm Khalid ,F,,
32,Umm Kulthum ,F,,
33,Umm Rabeeah ,F,,
34,Umm Sulaim ,F,,
35,Umm Umarah ,F,,
36,Umm Warqah ,F,,
37,Umm Yousuf ,F,,
38,Umm-e-Ayman ,F,,
39,Umm-e-Fazl ,F,,
40,Umm-e-Habiba ,F,,
41,Umm-e-Hani ,F,,
42,Umm-e-Kulsoom ,F,,
43,Umm-e-kulsum ,F,,
44,Umm-e-Rooman ,F,,
45,Umm-e-Salma ,F,,
46,Umm-e-Salmah ,F,,
47,Ummayyah ,F,,
48,Ummid ,F,,
49,Ummul Fazal ,F,,
50,Umnia ,F,,
51,Umniya ,F,,
52,Umniyah ,F,,
53,Umrah ,F,,
54,Unaiza ,F,,
55,Unaysah ,F,,
56,Unquda ,F,,
57,Urooba ,F,,
58,Urooj ,F,,
59,Uroosa ,F,,
60,Urshia ,F,,
61,Urwa ,F,,
62,Usaimah ,F,,
63,"Usaimah, Usaymah ",F,,
64,Ushna ,F,,
65,Uswa ,F,,
66,Utaybah ,F,,
67,Uwaisah ,F,,
68,"Uwaisah, Uwaysah ",F,,
69,Uzma ,F,, 
1,Vardah ,F,,
2,Varisha ,F,, 
1,Waajidah ,F,,
2,Wabisa ,F,,
3,Wad ,F,,
4,Wadaana ,F,,
5,Wadad ,F,,
6,Waddia ,F,,
7,Wadha ,F,,
8,"Wadha, Wadhaa ",F,,
9,Wadi ,F,,
10,Wadiah ,F,,
11,Wadida ,F,,
12,Wafa ,F,,
13,"Wafa, Wafaa ",F,,
14,Wafeeqa ,F,,
15,Wafeeqah ,F,,
16,Wafia ,F,,
17,Wafiqa ,F,,
18,Wafiqah ,F,,
19,"Wafiqah, Wafeeqa ",F,,
20,Wafiya ,F,,
21,Wafiyah ,F,,
22,Wafiza ,F,,
23,Wagma ,F,,
24,Wahabah ,F,,
25,Wahbiyah ,F,,
26,Waheebah ,F,,
27,Waheeda ,F,,
28,Wahiba ,F,,
29,Wahibah ,F,,
30,Wahida ,F,,
31,Wahidah ,F,,
32,Wahuj ,F,,
33,Waiya ,F,,
34,Wajahat ,F,,
35,Wajd ,F,,
36,Wajee ,F,,
37,Wajeeda ,F,,
38,Wajia ,F,,
39,Wajida ,F,,
40,Wajiha ,F,,
41,Wajihah ,F,,
42,Wajna ,F,,
43,Wakalat ,F,,
44,Wakeela ,F,,
45,Wakeelah ,F,,
46,"Wala, Walaa ",F,,
47,Walia ,F,,
48,Walidah ,F,,
49,Walihah ,F,,
50,Waliyah ,F,,
51,Wallada ,F,,
52,Walladah ,F,,
53,Waniya ,F,,
54,Waqar ,F,,
55,Waqeea ,F,,
56,Waraqa ,F,,
57,Warda ,F,,
58,Wardah ,F,,
59,"Wardah, Wordah ",F,,
60,Wareesha ,F,,
61,Warisa ,F,,
62,"Warqa, Warqaa ",F,,
63,Warqah ,F,,
64,Warsan ,F,,
65,Wasama ,F,,
66,Waseefah ,F,,
67,Waseema ,F,,
68,Waseemah ,F,,
69,Wasfiyah ,F,,
70,Washida ,F,,
71,Washma ,F,,
72,Wasia ,F,,
73,Wasifa ,F,,
74,Wasifah ,F,,
75,Wasifi ,F,,
76,Wasila ,F,,
77,Wasilah ,F,,
78,Wasima ,F,,
79,Wasimah ,F,,
80,Wasiqa ,F,,
81,Wasma ,F,,
82,Wasna ,F,,
83,Wawrina ,F,,
84,Wazeera ,F,,
85,Wazeerah ,F,,
86,Wiam ,F,,
87,Wid ,F,,
88,Widad ,F,,
89,"Widad, Widaad ",F,,
90,Wifaq ,F,,
91,Wijdan ,F,,
92,Wisal ,F,,
93,"Wisal, Wisaal ",F,,
94,Wisam ,F,,
95,"Wisam, Wisaam ",F,,
96,Wranga ,F,,
97,Wrashmin ,F,,
98,Wurud ,F,, 
1,Ya'laa ,F,,
2,Yafiah ,F,,
3,Yafita ,F,,
4,Yakootah ,F,,
5,Yakta ,F,,
6,Yalqoot ,F,,
7,Yamamah ,F,,
8,Yamana ,F,,
9,Yamha ,F,,
10,Yaminah ,F,,
11,Yaqoot ,F,,
12,Yara ,F,,
13,Yarah ,F,,
14,Yariqa ,F,,
15,Yasharah ,F,,
16,Yashfeen ,F,,
17,Yasim ,F,,
18,Yasira ,F,,
19,Yasirah ,F,,
20,Yasmeenah ,F,,
21,Yasmin ,F,,
22,"Yasmin, Yasmeen ",F,,
23,Yasmina ,F,,
24,Yasmine ,F,,
25,Yasna ,F,,
26,Yelda ,F,,
27,Yumn ,F,,
28,Yumna ,F,,
29,Yumnah ,F,,
30,"Yumnah, Yumna ",F,,
31,Yusayrah ,F,,
32,Yusra ,F,,
33,"Yusra, Yusraa ",F,,
34,Yusriyah ,F,, 
1,Zaahirah ,F,,
2,Zaaminah ,F,,
3,Zaara ,F,,
4,Zababa ,F,,
5,Zabia ,F,,
6,Zabiyah ,F,,
7,Zabreen ,F,,
8,Zabya ,F,,
9,Zada ,F,,
10,Zaeemah ,F,,
11,Zafana ,F,,
12,Zafeera ,F,,
13,Zafeerah ,F,,
14,Zafira ,F,,
15,Zafirah ,F,,
16,"Zafirah, Zaafirah ",F,,
17,Zaghlula ,F,,
18,Zahabia ,F,,
19,Zahabiya ,F,,
20,Zahara ,F,,
21,Zaheen ,F,,
22,Zaheera ,F,,
23,Zaheerah ,F,,
24,Zahia ,F,,
25,Zahida ,F,,
26,Zahidah ,F,,
27,Zahira ,F,,
28,Zahirah ,F,,
29,Zahra ,F,,
30,"Zahra, Zahraa ",F,,
31,Zahraa ,F,,
32,Zahrah ,F,,
33,Zahwah ,F,,
34,Zaib ,F,,
35,Zaiba ,F,,
36,Zaid ,F,,
37,Zaida ,F,,
38,Zaima ,F,,
39,Zain ,F,,
40,"Zain, Zayn ",F,,
41,Zaina ,F,,
42,Zainab ,F,,
43,"Zainab, Zaynab ",F,,
44,Zainba ,F,,
45,Zairah ,F,,
46,Zaitoon ,F,,
47,Zaituna ,F,,
48,Zakia ,F,,
49,Zakira ,F,,
50,Zakirah ,F,,
51,Zakiya ,F,,
52,Zakiyah ,F,,
53,Zakiyya ,F,,
54,Zala ,F,,
55,Zalanda ,F,,
56,Zalfa ,F,,
57,Zamda ,F,,
58,Zameelah ,F,,
59,Zameena ,F,,
60,Zamrud ,F,,
61,Zamurd ,F,,
62,Zamzam ,F,,
63,Zaniah ,F,,
64,Zanubiya ,F,,
65,Zaqawat ,F,,
66,Zar Masta ,F,,
67,Zar Mina ,F,,
68,Zar Wareen ,F,,
69,Zara ,F,,
70,Zarafat ,F,,
71,Zarbaha ,F,,
72,Zareefa ,F,,
73,Zareen ,F,,
74,Zareena ,F,,
75,Zareenah ,F,,
76,Zareesh ,F,,
77,Zarghuna ,F,,
78,Zarifah ,F,,
79,Zarin ,F,,
80,Zarina ,F,,
81,Zariya ,F,,
82,Zarka ,F,,
83,Zarma ,F,,
84,Zarmina ,F,,
85,Zarnab ,F,,
86,Zarqa ,F,,
87,Zarrah ,F,,
88,Zartaj ,F,,
89,Zawiya ,F,,
90,Zayaan ,F,,
91,Zayb ,F,,
92,Zayba ,F,,
93,Zaynab ,F,,
94,Zaynah ,F,,
95,"Zaynah, Zaina ",F,,
96,Zaytoon ,F,,
97,Zaytoonah ,F,,
98,Zeb Ara ,F,,
99,Zeb-un-Nisa ,F,,
100,Zeba ,F,,
101,Zeena ,F,,
102,Zeenat ,F,,
103,Zehak ,F,,
104,Zehna ,F,,
105,Zehra ,F,,
106,Zenia ,F,,
107,Zerada ,F,,
108,Zerina ,F,,
109,Zhalai ,F,,
110,Zia ,F,,
111,Ziba ,F,,
112,Zilal ,F,,
113,Zilay urooj ,F,,
114,Zinaat ,F,,
115,Zinah ,F,,
116,"Zinah, Zinat ",F,,
117,Zinat-un-Nisa ,F,,
118,Zinia ,F,,
119,Zinneerah ,F,,
120,Ziram ,F,,
121,Ziya ,F,,
122,Ziyada ,F,,
123,Ziyan ,F,,
124,Zobia ,F,,
125,Zoeya ,F,,
126,Zoha ,F,,
127,Zohal ,F,,
128,Zoharin ,F,,
129,Zohra ,F,,
130,Zohura ,F,,
131,Zonira ,F,,
132,Zoona ,F,,
133,Zorah ,F,,
134,Zoreed ,F,,
135,Zoufishan ,F,,
136,Zoya ,F,,
137,Zubaah ,F,,
138,Zubaida ,F,,
139,Zubaidah ,F,,
140,Zubaydah ,F,,
141,Zubdah ,F,,
142,Zubi ,F,,
143,Zufash ,F,,
144,Zuha ,F,,
145,"Zuha, Zuhaa ",F,,
146,Zuhaira ,F,,
147,Zuharah ,F,,
148,Zuhayra ,F,,
149,Zuhera ,F,,
150,Zuhra ,F,,
151,Zuhrah ,F,,
152,Zuhur ,F,,
153,Zukhruf ,F,,
154,Zulaikha ,F,,
155,Zulaykha ,F,,
156,Zulekha ,F,,
157,Zulfa ,F,,
158,Zulfah ,F,,
159,Zumurrud ,F,,
160,Zumurruda ,F,,
161,Zumzum ,F,,
162,Zunairah ,F,,
163,Zurafa ,F,,
164,Zynah ,F,,
