,Aaban,M,,
,Aabdar,M,,
,Aabis,M,,
,Aadam,M,,
,Aadheen,M,,
,Aadhil,M,,
,Aadil,M,,
,Aafa,M,,
,Aafiya,M,,
,Aahil,M,,
,Aalam,M,,
,Aalee,M,,
,Aali,M,,
,Aalim,M,,
,Aamil,M,,
,Aamir,M,,
,Aamirah,M,,
,Aaqib,M,,
,Aaqil,M,,
,Aarib,M,,
,Aarif,M,,
,Aariz,M,,
,Aarzam,M,,
,Aarzu,M,,
,Aas,M,,
,Aasaal,M,,
,Aashif,M,,
,Aashiq,M,,
,Aashiq Ali,M,,
,Aashiq Muhammad,M,,
,Aashir,M,,
,Aasif,M,,
,Aasim,M,,
,Aasir,M,,
,Aatif,M,,
,Aatiq,M,,
,Aatish,M,,
,Aauf,M,,
,Aazim,M,,
,Abaan,M,,
,Abadiya,M,,
,Abahat,M,,
,Abahh,M,,
,Aban,M,,
,Abasin,M,,
,Abbaas,M,,
,Abbad,M,,
,Abbas,M,,
,Abbood,M,,
,Abbud,M,,
,Abbudin,M,,
,Abd,M,,
,Abd Al-Ala,M,,
,Abd Khayr,M,,
,Abdah,M,,
,Abdan,M,,
,Abdud Daar,M,,
,Abdul Aakhir,M,,
,Abdul Aalee,M,,
,Abdul Adal,M,,
,Abdul Adl,M,,
,Abdul Afuw,M,,
,Abdul Ahad,M,,
,Abdul Aleem,M,,
,Abdul Ali,M,,
,Abdul Alim,M,,
,Abdul Aliyy,M,,
,Abdul Awwal,M,,
,Abdul Azeez,M,,
,Abdul Azim,M,,
,Abdul Aziz,M,,
,Abdul Baari,M,,
,Abdul Baasit,M,,
,Abdul Badee,M,,
,Abdul Badi,M,,
,Abdul Bais,M,,
,Abdul Baith,M,,
,Abdul Baqi,M,,
,Abdul Bari,M,,
,Abdul Barr,M,,
,Abdul Baseer,M,,
,Abdul Basir,M,,
,Abdul Basit,M,,
,Abdul Batin,M,,
,Abdul Fattah,M,,
,Abdul Ghafaar,M,,
,Abdul Ghaffar,M,,
,Abdul Ghafoor,M,,
,Abdul Ghafur,M,,
,Abdul Ghani,M,,
,Abdul Haafiz,M,,
,Abdul Hadi,M,,
,Abdul Hafeez,M,,
,Abdul Hafiz,M,,
,Abdul Hakam,M,,
,Abdul Hakeem,M,,
,Abdul Hakim,M,,
,Abdul Haleem,M,,
,Abdul Halim,M,,
,Abdul Hameed,M,,
,Abdul Hamid,M,,
,Abdul Hannan,M,,
,Abdul Haq,M,,
,Abdul Haqq,M,,
,Abdul Haseeb,M,,
,Abdul Hasib,M,,
,Abdul Hayy,M,,
,Abdul Jabaar,M,,
,Abdul Jabbar,M,,
,Abdul Jaleel,M,,
,Abdul Jalil,M,,
,Abdul Jame,M,,
,Abdul Jamil,M,,
,Abdul Jawwad,M,,
,Abdul Kabir,M,,
,Abdul Kafi,M,,
,Abdul Kareem,M,,
,Abdul Karim,M,,
,Abdul Khabir,M,,
,Abdul Khafiz,M,,
,Abdul Khaliq,M,,
,Abdul Lateef,M,,
,Abdul Latif,M,,
,Abdul Maajid,M,,
,Abdul Maalik,M,,
,Abdul Maane,M,,
,Abdul Majeed,M,,
,Abdul Majid,M,,
,Abdul Malik,M,,
,Abdul Mani,M,,
,Abdul Mannan,M,,
,Abdul Mateen,M,,
,Abdul Matin,M,,
,Abdul Moakhir,M,,
,Abdul Moez,M,,
,Abdul Mohsi,M,,
,Abdul Momit,M,,
,Abdul Moqit,M,,
,Abdul Mubdee,M,,
,Abdul Mubdi,M,,
,Abdul Mueed,M,,
,Abdul Mughni,M,,
,Abdul Muhaimin,M,,
,Abdul Muhaymin,M,,
,Abdul Muhsi,M,,
,Abdul Muhsin,M,,
,Abdul Muhyee,M,,
,Abdul Muhyi,M,,
,Abdul Muid,M,,
,Abdul Muiz,M,,
,Abdul Muizz,M,,
,Abdul Mujeeb,M,,
,Abdul Mujib,M,,
,Abdul Mumin,M,,
,Abdul Munim,M,,
,Abdul Muntaqim,M,,
,Abdul Muqaddim,M,,
,Abdul Muqeet,M,,
,Abdul Muqsit,M,,
,Abdul Muqtadir,M,,
,Abdul Musawwir,M,,
,Abdul Mutaal,M,,
,Abdul Mutakabbir,M,,
,Abdul Mutali,M,,
,Abdul Muti,M,,
,Abdul Muttalib,M,,
,Abdul Muzanni,M,,
,Abdul Nafi,M,,
,Abdul Naseer,M,,
,Abdul Nasir,M,,
,Abdul Nasser,M,,
,Abdul Noor,M,,
,Abdul Nur,M,,
,Abdul Qaadir,M,,
,Abdul Qabiz,M,,
,Abdul Qadeer,M,,
,Abdul Qadir,M,,
,Abdul Qahaar,M,,
,Abdul Qahhar,M,,
,Abdul Qahir,M,,
,Abdul Qawi,M,,
,Abdul Qayyum,M,,
,Abdul Quddus,M,,
,Abdul Qudoos,M,,
,Abdul Raafi,M,,
,Abdul Rabb,M,,
,Abdul Rafi,M,,
,Abdul Raheem,M,,
,Abdul Rahim,M,,
,Abdul Rahman,M,,
,Abdul Raqib,M,,
,Abdul Rashid,M,,
,Abdul Rauf,M,,
,Abdul Razzaq,M,,
,Abdul Sabur,M,,
,Abdul Salam,M,,
,Abdul Samad,M,,
,Abdul Sami,M,,
,Abdul Sattar,M,,
,Abdul Shahid,M,,
,Abdul Shakoor,M,,
,Abdul Shakur,M,,
,Abdul Tawwab,M,,
,Abdul Vajed,M,,
,Abdul Vakil,M,,
,Abdul Waali,M,,
,Abdul Waase,M,,
,Abdul Wadood,M,,
,Abdul Wadud,M,,
,Abdul Wahhab,M,,
,Abdul Wahid,M,,
,Abdul Wajid,M,,
,Abdul Wakil,M,,
,Abdul Wali,M,,
,Abdul Waliy,M,,
,Abdul Waris,M,,
,Abdul Warith,M,,
,Abdul Wasi,M,,
,Abdul Zahir,M,,
,"Abdul, Abdel, Abd al",M,,
,Abdul-Aalee,M,,
,Abdul-Adheem,M,,
,Abdul-Aleem,M,,
,Abdul-Baaqi,M,,
,Abdul-Baari,M,,
,Abdul-Baasit,M,,
,Abdul-Barr,M,,
,Abdul-Dhahir,M,,
,Abdul-Ghaffar,M,,
,Abdul-Ghafur,M,,
,Abdul-Ghani,M,,
,Abdul-Hadi,M,,
,Abdul-Hafeedh,M,,
,Abdul-Hakeem,M,,
,Abdul-Haleem,M,,
,Abdul-Hameed,M,,
,Abdul-Haqq,M,,
,Abdul-Haseeb,M,,
,Abdul-Jabbar,M,,
,Abdul-Jaleel,M,,
,Abdul-Kareem,M,,
,Abdul-Khaliq,M,,
,Abdul-Lateef,M,,
,Abdul-Majeed,M,,
,Abdul-Majid,M,,
,Abdul-Malik,M,,
,Abdul-Mu'eid,M,,
,Abdul-Mu'izz,M,,
,Abdul-Mughni,M,,
,Abdul-Mujeeb,M,,
,Abdul-Mumin,M,,
,Abdul-Muqtadir,M,,
,Abdul-Muta'alee,M,,
,Abdul-Nur,M,,
,Abdul-Qaadir,M,,
,Abdul-Qahhar,M,,
,Abdul-Qaiyoum,M,,
,Abdul-Quddus,M,,
,Abdul-Waajid,M,,
,Abdul-Wadood,M,,
,Abdul-Wahhab,M,,
,Abdul-Warith,M,,
,Abdullah,M,,
,Abdun Naafe,M,,
,Abdun Nasir,M,,
,Abdun Noor,M,,
,Abdur Rab,M,,
,Abdur Rafi,M,,
,Abdur Rahim,M,,
,Abdur Rahman,M,,
,Abdur Raoof,M,,
,Abdur Raqib,M,,
,Abdur Rasheed,M,,
,Abdur Rashid,M,,
,Abdur Rauf,M,,
,Abdur Razzaq,M,,
,Abdur-Raheem,M,,
,Abdur-Rahman,M,,
,Abdur-Raqeeb,M,,
,Abdur-Rasheed,M,,
,Abdur-Rauf,M,,
,Abdur-Razzaq,M,,
,Abdus,M,,
,Abdus Saboor,M,,
,Abdus Sabur,M,,
,Abdus Salaam,M,,
,Abdus Salam,M,,
,Abdus Samad,M,,
,Abdus Sami,M,,
,Abdus Sattar,M,,
,Abdus Shafi,M,,
,Abdus Subbooh,M,,
,Abdus Subhan,M,,
,Abdus Subooh,M,,
,Abdus-Sabour,M,,
,Abdus-Salaam,M,,
,Abdus-Samad,M,,
,Abdus-Sameei,M,,
,Abdus-Shaheed,M,,
,Abdus-Shakur,M,,
,Abdush Shafi,M,,
,Abdush Shaheed,M,,
,Abdush Shahid,M,,
,Abdut Tawwab,M,,
,Abduz Zahir,M,,
,Abeel,M,,
,Abid,M,,
,Abidin,M,,
,Abidullah,M,,
,Abir,M,,
,Abisali,M,,
,Abrad,M,,
,Abram,M,,
,Abrar,M,,
,Abrash,M,,
,Abraz,M,,
,Abreeq,M,,
,Absar,M,,
,Absat,M,,
,Absham,M,,
,Absi,M,,
,Abt'hi,M,,
,Abteen,M,,
,Abu al Khayr,M,,
,Abu Ayyub,M,,
,Abu Bakr,M,,
,Abu Darda,M,,
,Abu Dawud,M,,
,Abu Hanifa,M,,
,Abu Hurairah,M,,
,Abu Huzaifah,M,,
,Abu Isa,M,,
,Abu Juhafa,M,,
,Abu Mahzoorah,M,,
,Abu Masood,M,,
,Abu Moosa,M,,
,Abu Saeed,M,,
,Abu Talha,M,,
,Abu Talib,M,,
,Abu Turab,M,,
,Abu Ubaidah,M,,
,Abu Yousuf,M,,
,Abu Zar,M,,
,Abul Alaa,M,,
,Abul Barakat,M,,
,Abul Bashar,M,,
,Abul Farah,M,,
,Abul Faraj,M,,
,Abul Fath,M,,
,Abul Fazl,M,,
,Abul Haisam,M,,
,Abul Hasan,M,,
,Abul Husain,M,,
,Abul Kalam,M,,
,Abul Khair,M,,
,Abul Mahasin,M,,
,Abul Qasim,M,,
,Abul Yumn,M,,
,Abul Yusr,M,,
,Abul-Hassan,M,,
,Abyad,M,,
,Abyan,M,,
,Abyaz,M,,
,Abzari,M,,
,Adam,M,,
,Adan,M,,
,Adawi,M,,
,Adbul-Qawi,M,,
,Adeeb,M,,
,Adeel,M,,
,Adeem,M,,
,Adel,M,,
,"Adel, Adil",M,,
,Adham,M,,
,Adheen,M,,
,Adi,M,,
,Adib,M,,
,Adil,M,,
,Adiy,M,,
,Adl,M,,
,Adli,M,,
,Adnan,M,,
,"Adnan, Adnan",M,,
,Aduz Zahir,M,,
,Adyan,M,,
,aetisham,M,,
,Afaaq,M,,
,Afandi,M,,
,Afaq,M,,
,Afeef,M,,
,Affan,M,,
,Afham,M,,
,Afif,M,,
,"Afif, Afeef",M,,
,Afif-ud-Din,M,,
,Afkar,M,,
,Aflah,M,,
,Afraz,M,,
,Afridi,M,,
,Afroze,M,,
,Afsa,M,,
,Afsah,M,,
,Afsaneh,M,,
,Afsar,M,,
,Afsar-ud-Din,M,,
,Afshin,M,,
,Aftab,M,,
,Aftab-ud-Din,M,,
,Aftar,M,,
,Afuww,M,,
,Afzaal,M,,
,Afzal,M,,
,Agha,M,,
,Agharr,M,,
,Aghlab,M,,
,Ahad,M,,
,Ahdaf,M,,
,Ahkam,M,,
,Ahmad,M,,
,"Ahmad, Ahmed",M,,
,Ahmadullah,M,,
,Ahmar,M,,
,Ahmed,M,,
,Ahnaf,M,,
,Ahraz,M,,
,Ahsab,M,,
,Ahsan,M,,
,Ahsanullah,M,,
,Ahwas,M,,
,Ahyan,M,,
,Ahzab,M,,
,Aidh,M,,
,Aijaz,M,,
,Aimal,M,,
,Aiman,M,,
,Aishah,M,,
,Aiz,M,,
,Aizaad,M,,
,Ajaam,M,,
,Ajawid,M,,
,Ajeeb,M,,
,Ajer,M,,
,Ajib,M,,
,Ajlah,M,,
,Ajmal,M,,
,Ajmar,M,,
,Ajtaba,M,,
,Ajwaad,M,,
,Ajwad,M,,
,Akbar,M,,
,Akeem,M,,
,Akfash,M,,
,Akhas,M,,
,Akhdan,M,,
,Akhfash,M,,
,Akhlaq,M,,
,Akhmas,M,,
,Akhram,M,,
,Akhtar,M,,
,Akhund,M,,
,Akhund Zada,M,,
,Akhzar,M,,
,Akif,M,,
,Akil,M,,
,Akmal,M,,
,Akram,M,,
,Al Abbas,M,,
,Al Amin,M,,
,Al Burhan,M,,
,Al Faiz,M,,
,Al Mamoon,M,,
,Al Rafi,M,,
,Al Safi,M,,
,Al Siddiq,M,,
,Al Tahir,M,,
,Al Tayyib,M,,
,Ala,M,,
,Ala al Din,M,,
,Ala',M,,
,Ala-ud-Din,M,,
,Alaa,M,,
,"Aladdin, Ala al din",M,,
,Alam,M,,
,Alamgir,M,,
,Alamzeb,M,,
,Aleem,M,,
,Aleem-ul-Huda,M,,
,Aleemuddin,M,,
,Alhan,M,,
,Alhasan,M,,
,Alhazar,M,,
,"Alhusain, Alhusayn",M,,
,Ali,M,,
,"Ali , Ali, Aliyy",M,,
,Ali Asghar,M,,
,Alim,M,,
,Allah Bakhsh,M,,
,Allal,M,,
,Almahdi,M,,
,Alman,M,,
,Almas,M,,
,Almir,M,,
,Altaam,M,,
,Altaf,M,,
,Altaf Hussain,M,,
,Altair,M,,
,Altamash,M,,
,Alwaz,M,,
,Alyasaa,M,,
,Amaad,M,,
,Amaan,M,,
,Amaar,M,,
,Amail,M,,
,Amal,M,,
,Amala,M,,
,Amam,M,,
,Amanat,M,,
,Amani,M,,
,Amanuddin,M,,
,Amanullah,M,,
,Amar,M,,
,Ameer,M,,
,Amer,M,,
,Amid,M,,
,Amiduddawlah,M,,
,Amin,M,,
,"Amin, Ameen",M,,
,Aminuddin,M,,
,Amir,M,,
,"Amir, Ameer",M,,
,Amjaad,M,,
,Amjad,M,,
,Ammaar,M,,
,Ammar,M,,
,"Ammar, Ammar",M,,
,Amr,M,,
,Amro,M,,
,Anam,M,,
,Anan,M,,
,Anas,M,,
,Anasah,M,,
,Andam,M,,
,Aneen,M,,
,Aneeq,M,,
,Anees,M,,
,Angar,M,,
,Aniq,M,,
,Anis,M,,
,Aniya,M,,
,Anjam,M,,
,Anjum,M,,
,Anoush,M,,
,Ansaar,M,,
,Ansah,M,,
,Ansari,M,,
,Antar,M,,
,Antarah,M,,
,Anwaar,M,,
,Anwar,M,,
,Anwarulkarim,M,,
,Anwarus Sadat,M,,
,Anzar,M,,
,Aqdas,M,,
,Aqeel,M,,
,Aqeil,M,,
,Aqib,M,,
,Aqil,M,,
,Aqleem,M,,
,Aqmar,M,,
,Aqqaad,M,,
,Aqrab,M,,
,Arad,M,,
,Arafat,M,,
,Araiz,M,,
,Aram,M,,
,Arash,M,,
,Araysh,M,,
,Arbaaz,M,,
,Arbab,M,,
,Ardalan,M,,
,Ardam,M,,
,Areeb,M,,
,Areef,M,,
,Areej,M,,
,Arees,M,,
,Areez,M,,
,Aref,M,,
,Arfaa,M,,
,Arfan,M,,
,Arfeen,M,,
,Arham,M,,
,Arif,M,,
,Arikah,M,,
,Arjmand,M,,
,Arkan,M,,
,Armaan,M,,
,Arman,M,,
,Armeen,M,,
,Aroosh,M,,
,Arqam,M,,
,Arsal,M,,
,Arsalaan,M,,
,Arsalan,M,,
,Arsel,M,,
,Arsh,M,,
,Arshad,M,,
,Arshan,M,,
,Arshaq,M,,
,Arshi,M,,
,Arshia,M,,
,Artah,M,,
,Arwah,M,,
,Arzan,M,,
,Arzang,M,,
,As'ad,M,,
,Asaad,M,,
,Asad,M,,
,Asadel,M,,
,Asadullah,M,,
,Asar,M,,
,Asbaat,M,,
,Asbagh,M,,
,Asbat,M,,
,Aseed,M,,
,Aseel,M,,
,Aseer,M,,
,Asfa,M,,
,Asghar,M,,
,Ash'ab,M,,
,Asha'as,M,,
,Asha'ath,M,,
,Ashab,M,,
,Ashaj,M,,
,Ashar,M,,
,Ashaz,M,,
,Ashfaq,M,,
,Ashhal,M,,
,Ashhar,M,,
,Ashim,M,,
,Ashja,M,,
,Ashkan,M,,
,Ashmath,M,,
,Ashnad,M,,
,Ashraf,M,,
,Ashrafus Sadat,M,,
,Ashras,M,,
,Asif,M,,
,Asil,M,,
,Asim,M,,
,"Asim, Asim",M,,
,Asjad,M,,
,Askar,M,,
,Askari,M,,
,Asla,M,,
,Aslam,M,,
,Asma,M,,
,Asooda,M,,
,Asra,M,,
,Asrar,M,,
,Astaan,M,,
,Aswad,M,,
,Ata,M,,
,Ata al Rahman,M,,
,Ata Allah,M,,
,"Ata, Ataa",M,,
,Atabuk,M,,
,Atal,M,,
,Atash,M,,
,Ataubaq,M,,
,Ataullah,M,,
,Ataur Rahman,M,,
,Ateeb,M,,
,Athar,M,,
,Athazaz,M,,
,Athil,M,,
,Athir,M,,
,Atif,M,,
,"Atif, Atif",M,,
,Atiq,M,,
,Atir,M,,
,Attaar,M,,
,Attaboak,M,,
,Attar,M,,
,Attiq,M,,
,Atuf,M,,
,Atyab,M,,
,Aun,M,,
,Aurang,M,,
,Aurangzeb,M,,
,Aus,M,,
,Ausaf,M,,
,Awad,M,,
,"Awad, Awad",M,,
,Awais,M,,
,Awaiz,M,,
,Awalmir,M,,
,Awan,M,,
,Awanah,M,,
,Awf,M,,
,Awn,M,,
,Aws,M,,
,Awwab,M,,
,Awwal,M,,
,Ayaan,M,,
,Ayaat,M,,
,Ayaaz,M,,
,Ayat,M,,
,Ayatullah,M,,
,Aybak,M,,
,Aydin,M,,
,Ayham,M,,
,Aymaan,M,,
,Ayman,M,,
,Ayn,M,,
,Aynul Hasan,M,,
,Aynul Hayat,M,,
,Aynun Naim,M,,
,Ayser,M,,
,Ayyash,M,,
,Ayyub,M,,
,"Ayyub, Ayoob",M,,
,Aza,M,,
,Azaad,M,,
,Azaam,M,,
,Azaan,M,,
,Azab,M,,
,Azad,M,,
,Azain,M,,
,Azam,M,,
,Azbak,M,,
,Azeem,M,,
,"Azeem, Azim",M,,
,Azfar,M,,
,Azfer,M,,
,Azghan,M,,
,Azhaar,M,,
,Azhaf,M,,
,Azhar,M,,
,Azharan,M,,
,Azim,M,,
,Aziz,M,,
,"Aziz, Aziz",M,,
,Azizullah,M,,
,Azlan,M,,
,Azli,M,,
,Azmaray,M,,
,Azmat,M,,
,Azmeer,M,,
,Azmi,M,,
,Azraf,M,,
,Azraq,M,,
,Azraqi,M,,
,Azud,M,,
,Azududdin,M,,
,Azzam,M,,
,"Azzam, Azzam""selection1_name",M,,
,,M,,
,Baadi,M,,
,Baadiyah,M,,
,Baahi,M,,
,Baahir,M,,
,Baaligh,M,,
,Baar,M,,
,Baare,M,,
,Baari,M,,
,Baariq,M,,
,Baasim,M,,
,Baasir,M,,
,Babar,M,,
,Baber,M,,
,Babik,M,,
,Babrak,M,,
,Badeeh,M,,
,Badi,M,,
,Badi al Zaman,M,,
,Badiul Alam,M,,
,Badiuz Zaman,M,,
,Badr,M,,
,Badr al Din,M,,
,Badr-e-Alam,M,,
,Badran,M,,
,Badri,M,,
,Badrud Duja,M,,
,Badruddin,M,,
,Baghawi,M,,
,Baha,M,,
,"Baha al Din, Bahiyy al Din",M,,
,"Baha, Baha",M,,
,Bahauddin,M,,
,Baheen,M,,
,Bahhas,M,,
,Bahi,M,,
,Bahij,M,,
,Bahili,M,,
,Bahir,M,,
,Bahiyud Din,M,,
,Bahjat,M,,
,Bahlawan,M,,
,Bahman,M,,
,Bahram,M,,
,Bahrawar,M,,
,Bahu,M,,
,Bahz,M,,
,Bajala,M,,
,Bakeet,M,,
,Bakhit,M,,
,Bakhsh,M,,
,Bakht,M,,
,Bakht Rawan,M,,
,Bakhtari,M,,
,Bakhtawar,M,,
,Bakkar,M,,
,Bakr,M,,
,Bakri,M,,
,Bakur,M,,
,Balay,M,,
,Baleegh,M,,
,Baleel,M,,
,Baligh,M,,
,Balj,M,,
,Bandar,M,,
,Baqa,M,,
,Baqai,M,,
,Baqi,M,,
,Baqir,M,,
,Bara,M,,
,Barakah,M,,
,Barakat,M,,
,Barakatullah,M,,
,Baraq,M,,
,Baree,M,,
,Bareed,M,,
,Bareeq,M,,
,Baresham,M,,
,Barhi,M,,
,Bari,M,,
,Bariq,M,,
,Barir,M,,
,Barkat,M,,
,Barni,M,,
,Barqash,M,,
,Barr,M,,
,Barraq,M,,
,Baryal,M,,
,Basan,M,,
,Basaud,M,,
,Baseem,M,,
,Baseer,M,,
,Baseerat,M,,
,Baseet,M,,
,Basel,M,,
,Basem,M,,
,Bashaar,M,,
,Bashar,M,,
,Basharat,M,,
,Bashir,M,,
,Bashshar,M,,
,Basil,M,,
,Basim,M,,
,"Basim, Bassam",M,,
,Basiq,M,,
,Basir,M,,
,Basit,M,,
,Basr,M,,
,Basrah,M,,
,Bassam,M,,
,Batal,M,,
,Batin,M,,
,Batoor,M,,
,Bayazid,M,,
,Bayhas,M,,
,Baz,M,,
,Bazam,M,,
,Bazan,M,,
,Bazgar,M,,
,Bazil,M,,
,Bazir,M,,
,Bazish,M,,
,Bazl,M,,
,Bazlur Rahman,M,,
,Bedar,M,,
,Bedaruddin,M,,
,Beg,M,,
,Behlol,M,,
,Behnam,M,,
,Behr,M,,
,Behrang,M,,
,Behrouz,M,,
,Behroz,M,,
,Behzad,M,,
,Beram,M,,
,Bihar,M,,
,Bilal,M,,
,Bina,M,,
,Binyamin,M,,
,"Binyamin , Benyamin",M,,
,Birrah,M,,
,Bishr,M,,
,Borna,M,,
,Bostan,M,,
,Boulos,M,,
,"Budail, Budayl",M,,
,Bujair,M,,
,Bukhari,M,,
,Buland,M,,
,Bulbul,M,,
,Bulhut,M,,
,Buqrat,M,,
,Buraq,M,,
,Burayd,M,,
,Buraydah,M,,
,Burhan,M,,
,Burhan-ud-Din,M,,
,Bushr,M,,
,Busr,M,,
,"Butrus""selection1_name",M,,
,,M,,
,Chand,M,,
,Changeez,M,,
,Chargul,M,,
,"Chinar""selection1_name",M,,
,,M,,
,Da'wud,M,,
,Daamin,M,,
,Daanish,M,,
,Dabbah,M,,
,Dabir,M,,
,Daboor,M,,
,Dafiq,M,,
,Dagar,M,,
,Daghfal,M,,
,Dahbal,M,,
,Dahhak,M,,
,Dahi,M,,
,Daib,M,,
,Daiyan,M,,
,Dakhil,M,,
,Dalaj,M,,
,Daler,M,,
,Dalil,M,,
,Dameer,M,,
,Damurah,M,,
,Dana,M,,
,Dani,M,,
,Danish,M,,
,Daniyal,M,,
,Dara,M,,
,Darab,M,,
,Darakhshan,M,,
,Darim,M,,
,Darmal,M,,
,Darman,M,,
,Darrak,M,,
,Darvesh,M,,
,Darwesh,M,,
,Darwish,M,,
,Daryab,M,,
,Dastgir,M,,
,"Daud, Dawud",M,,
,Daudi,M,,
,Daulat,M,,
,Dawar,M,,
,Dawid,M,,
,Dawlah,M,,
,Dawood,M,,
,Dawoud,M,,
,Dayim,M,,
,Daylam,M,,
,Dayyan,M,,
,Dean,M,,
,Deen,M,,
,Dhakir,M,,
,Dhakiy,M,,
,Dhakwan,M,,
,Dhiya,M,,
,Dhul Fiqar,M,,
,Diar,M,,
,Didar,M,,
,Dihyah,M,,
,Dil,M,,
,Dil Nawaz,M,,
,Dilafroz,M,,
,Dilawar,M,,
,Dildar,M,,
,Din,M,,
,Dina,M,,
,Dinar,M,,
,Dirar,M,,
,Diwan,M,,
,Diwan Muhammad,M,,
,Diya,M,,
,Diya al Din,M,,
,Diyan,M,,
,Diyari,M,,
,Dizhwar,M,,
,Dost,M,,
,Dost Muhammad,M,,
,Droon,M,,
,"Duha""S/N",M,,
1,Ebi ,M,,
2,Ehan ,M,,
3,Ehsaan ,M,,
4,Ehsan ,M,,
5,Ehtisham ,M,,
6,Ejaz ,M,,
7,Ekhlaq ,M,,
8,El-Amin ,M,,
9,Elias ,M,,
10,Emad ,M,,
11,Emran ,M,,
12,Eshan ,M,,
13,Esmaeel ,M,, 
1,Faariha ,M,,
2,Faazila ,M,,
3,Fadeelah ,M,,
4,Fadheela ,M,,
5,Fadia ,M,,
6,Fadila ,M,,
7,Fadilah ,M,,
8,"Fadilah, Fadheela ",M,,
9,Fadiyah ,M,,
10,Fadwa ,M,,
11,Fadwah ,M,,
12,Faeezah ,M,,
13,"Fahdah, Fahada ",M,,
14,Faheemah ,M,,
15,Fahhama ,M,,
16,Fahima ,M,,
17,Fahimah ,M,,
18,Fahm ,M,,
19,Fahm Ara ,M,,
20,Fahmeedah ,M,,
21,Fahmida ,M,,
22,Faida ,M,,
23,Faiqa ,M,,
24,Faiqah ,M,,
25,FAIROOZA ,M,,
26,Fairuzah ,M,,
27,Faiza ,M,,
28,Faizah ,M,,
29,"Faizah, Faiza ",M,,
30,Fajr ,M,,
31,Fakeehah ,M,,
32,Fakhar ,M,,
33,Fakhira ,M,,
34,Fakhirah ,M,,
35,Fakhr ,M,,
36,Fakhra ,M,,
37,Fakhri ,M,,
38,Fakhriya ,M,,
39,Fakhriyah ,M,,
40,Fakhrun Nisa ,M,,
41,Fakhtah ,M,,
42,Fakihah ,M,,
43,Fakira ,M,,
44,Falahat ,M,,
45,Falak ,M,,
46,Falaknaz ,M,,
47,Falaq ,M,,
48,Faliha ,M,,
49,Falisha ,M,,
50,Fanan ,M,,
51,Fania ,M,,
52,Fanila ,M,,
53,Faqiha ,M,,
54,Faqirah ,M,,
55,Fara ,M,,
56,Faraal ,M,,
57,Farah ,M,,
58,Faraza ,M,,
59,Fareedah ,M,,
60,Fareefta ,M,,
61,Fareeha ,M,,
62,Fareess ,M,,
63,Farha ,M,,
64,Farhah ,M,,
65,Farhal ,M,,
66,Farhana ,M,,
67,Farhanah ,M,,
68,Farhat ,M,,
69,Farheen ,M,,
70,Farhi ,M,,
71,Fari'ah ,M,,
72,Faria ,M,,
73,Farida ,M,,
74,Faridah ,M,,
75,"Faridah, Fareeda ",M,,
76,Fariha ,M,,
77,Farihah ,M,,
78,"Farihah, Fareeha ",M,,
79,Farishta ,M,,
80,Fariza ,M,,
81,Farizah ,M,,
82,Farkhanda ,M,,
83,Farkhandah ,M,,
84,Farnaz ,M,,
85,Farqad ,M,,
86,Farrukh ,M,,
87,Farwa ,M,,
88,Faryal ,M,,
89,Faryat ,M,,
90,Farzana ,M,,
91,Farzeen ,M,,
92,Faseehah ,M,,
93,Faseelah ,M,,
94,Fasiha ,M,,
95,Fasiya ,M,,
96,Fateenah ,M,,
97,Fathima ,M,,
98,Fathiya ,M,,
99,Fathiyah ,M,,
100,Fatiha ,M,,
101,Fatihah ,M,,
102,Fatim ,M,,
103,Fatima ,M,,
104,Fatimah ,M,,
105,"Fatimah, Fatima ",M,,
106,Fatin ,M,,
107,Fatin or Fatinah ,M,,
108,Fatinah ,M,,
109,Fattana ,M,,
110,Fauqiyah ,M,,
111,Fauzia ,M,,
112,Fawha ,M,,
113,Fawz ,M,,
114,Fawza ,M,,
115,"Fawzah, Fawza ",M,,
116,Fawziyah ,M,,
117,"Fawziyyah, Fawziya, Fazia ",M,,
118,Fayha ,M,,
119,Fayona ,M,,
120,Fayrooz ,M,,
121,Fayruz ,M,,
122,Fayyaza ,M,,
123,Fazeela ,M,,
124,Fazeen ,M,,
125,Fazilatun Nisa ,M,,
126,Fazzilet ,M,,
127,Feerozah ,M,,
128,Feheema ,M,,
129,Feiyaz ,M,,
130,Fellah ,M,,
131,Femida ,M,,
132,Fida ,M,,
133,Fidda ,M,,
134,Fiddah ,M,,
135,Fikriyah ,M,,
136,Filza ,M,,
137,Fir ,M,,
138,Firdaus ,M,,
139,Firdausi ,M,,
140,Firdaws ,M,,
141,"Firdaws, Firdoos ",M,,
142,Firdous ,M,,
143,Firdowsa ,M,,
144,Firoza ,M,,
145,Firyal ,M,,
146,Fiza ,M,,
147,Forouzan ,M,,
148,Fouzia ,M,,
149,Fozia ,M,,
150,Foziah ,M,,
151,Fuada ,M,,
152,Fudayl ,M,,
153,Funoon ,M,,
154,Furat ,M,,
155,Furayah ,M,,
156,Furoozan ,M,,
157,Fusaylah ,M,,
158,Fuseelah ,M,,
159,Futun ,M,,
160,Fuzail ,M,, 
1,Gahez ,M,,
2,Gamal ,M,,
3,"Gamal, Gamali ",M,,
4,Gauhar ,M,,
5,Ghadef ,M,,
6,Ghaffar ,M,,
7,Ghafur ,M,,
8,Ghais ,M,,
9,Ghaith ,M,,
10,"Ghaith, Ghayth ",M,,
11,Ghaiyyas ,M,,
12,Ghakhtalay ,M,,
13,Ghali ,M,,
14,Ghalib ,M,,
15,Ghallab ,M,,
16,Ghamay ,M,,
17,Ghanem ,M,,
18,Ghani ,M,,
19,Ghanim ,M,,
20,Ghannam ,M,,
21,Gharib ,M,,
22,Ghasaan ,M,,
23,Ghassan ,M,,
24,Ghatool ,M,,
25,Ghatrif ,M,,
26,Ghaus ,M,,
27,Ghauth ,M,,
28,Ghawth ,M,,
29,Ghayab ,M,,
30,Ghaylan ,M,,
31,Ghayoor ,M,,
32,Ghazalan ,M,,
33,Ghazan ,M,,
34,Ghazanfar ,M,,
35,Ghazawan ,M,,
36,Ghazi ,M,,
37,Ghazwan ,M,,
38,Ghazzal ,M,,
39,Ghiyas ,M,,
40,Ghiyas-ud-Din ,M,,
41,Ghiyath ,M,,
42,Ghofran ,M,,
43,Ghorzang ,M,,
44,Ghulam ,M,,
45,Ghunaim ,M,,
46,Ghunayn ,M,,
47,Ghuncha Gul ,M,,
48,Ghusun ,M,,
49,Ghutaif ,M,,
50,Ghutayf ,M,,
51,Gogal ,M,,
52,Gohar ,M,,
53,Gohar Tab ,M,,
54,Gorbat ,M,,
55,Gran ,M,,
56,Gul ,M,,
57,Gul Baz ,M,,
58,Gul Hasham ,M,,
59,Gul Jan ,M,,
60,Gul Mast ,M,,
61,Gul Rang ,M,,
62,Gul Yar ,M,,
63,Gul Zaman ,M,,
64,Gul Zar ,M,,
65,Gul-e-Rana ,M,,
66,Gulab ,M,,
67,Gulbar ,M,,
68,Gulfam ,M,,
69,Gulshan ,M,,
70,Gulzar ,M,,
71,Gunjbuksh ,M,,
72,Gunjoor ,M,,
73,Gutaif ,M,,
1,Haafiz ,M,,
2,Haalim ,M,,
3,Haaziq ,M,,
4,Habab ,M,,
5,Habash ,M,,
6,Habbab ,M,,
7,Habeel ,M,,
8,Habib ,M,,
9,Habibullah ,M,,
10,Habis ,M,,
11,Hadad ,M,,
12,Hadaya ,M,,
13,Hadbar ,M,,
14,Haddad ,M,,
15,Haddaq ,M,,
16,Hadee ,M,,
17,Hadi ,M,,
18,Hadrami ,M,,
19,Hafeez ,M,,
20,Hafid ,M,,
21,Hafiz ,M,,
22,Hafizullah ,M,,
23,Hafs ,M,,
24,Haidar ,M,,
25,Haider ,M,,
26,Haikal ,M,,
27,Hairum ,M,,
28,Haji ,M,,
29,Hajib ,M,,
30,Hajjaj ,M,,
31,Hajveri ,M,,
32,Hakam ,M,,
33,Hakan ,M,,
34,Hakeem ,M,,
35,Hakem ,M,,
36,Hakim ,M,,
37,"Hakim, Hakeem ",M,,
38,Haleef ,M,,
39,Haleem ,M,,
40,Halif ,M,,
41,Halim ,M,,
42,Hallaj ,M,,
43,Halwani ,M,,
44,Hamal ,M,,
45,Hamas ,M,,
46,Hamd ,M,,
47,Hamdan ,M,,
48,Hamdast ,M,,
49,Hamdhy ,M,,
50,Hamdi ,M,,
51,Hameed ,M,,
52,Hameedullah ,M,,
53,Hameem ,M,,
54,Hami ,M,,
55,Hamid ,M,,
56,Hamim ,M,,
57,Hamiz ,M,,
58,Hammad ,M,,
59,Hammam ,M,,
60,Hamood ,M,,
61,Hamraz ,M,,
62,Hamza ,M,,
63,Hamzad ,M,,
64,Hamzah ,M,,
65,Hanai ,M,,
66,Hanash ,M,,
67,Hanbal ,M,,
68,Haneef ,M,,
69,Hanfi ,M,,
70,Hani ,M,,
71,Hanif ,M,,
72,Hanifah ,M,,
73,Hanifud Din ,M,,
74,Hanin ,M,,
75,Hannad ,M,,
76,Hannan ,M,,
77,Hanoon ,M,,
78,Hanzalah ,M,,
79,Haq ,M,,
80,Haqqani ,M,,
81,Haqqi ,M,,
82,Haraam ,M,,
83,Haraz ,M,,
84,Hareef ,M,,
85,Hareem ,M,,
86,Harir ,M,,
87,Haris ,M,,
88,Harisah ,M,,
89,Harith ,M,,
90,Hariz ,M,,
91,Harmalah ,M,,
92,Haroon ,M,,
93,"Haroun, Harun ",M,,
94,Harun Al Rashid ,M,,
95,Hasan ,M,,
96,Hasanat ,M,,
97,Haseeb ,M,,
98,Haseen ,M,,
99,Hashash ,M,,
100,Hasher ,M,,
101,Hashid ,M,,
102,Hashim ,M,,
103,Hashimi ,M,,
104,Hashir ,M,,
105,Hashmat ,M,,
106,Hasib ,M,,
107,Hasif ,M,,
108,Hasim ,M,,
109,Hasin ,M,,
110,Hask ,M,,
111,Hasnain ,M,,
112,Hassam ,M,,
113,Hassan ,M,,
114,Hasshir ,M,,
115,Hatem ,M,,
116,Hatib ,M,,
117,Hatif ,M,,
118,Hatim ,M,,
119,Hawshab ,M,,
120,Hayaat ,M,,
121,Hayat ,M,,
122,Haydar ,M,,
123,Hayder ,M,,
124,Haysam ,M,,
125,Haytham ,M,,
126,Hayy ,M,,
127,Hayyan ,M,,
128,Hazar ,M,,
129,Hazim ,M,,
130,Hazrat ,M,,
131,Hedayat ,M,,
132,Heerad ,M,,
133,Hesam ,M,,
134,Hewad ,M,,
135,Heydar ,M,,
136,Hibatullah ,M,,
137,Hibbaan ,M,,
138,Hibban ,M,,
139,Hidayat ,M,,
140,Hidayat-ul-Haq ,M,,
141,Hidayatullah ,M,,
142,Hifzur Rahman ,M,,
143,Hikmat ,M,,
144,Hilal ,M,,
145,"Hilal, Hilel ",M,,
146,Hilali ,M,,
147,Hilmi ,M,,
148,Himayat ,M,,
149,Himmat ,M,,
150,Hisham ,M,,
151,Hizrat ,M,,
152,Hood ,M,,
153,Hooman ,M,,
154,Hosaam ,M,,
155,Hozaifah ,M,,
156,Hub ,M,,
157,Hubaab ,M,,
158,Hubab ,M,,
159,Hubaish ,M,,
160,Hud ,M,,
161,"Hud, Houd ",M,,
162,Huda ,M,,
163,Hudad ,M,,
164,Hudhafah ,M,,
165,"Hudhaifah, Hudhayfah ",M,,
166,Hudhayfah ,M,,
167,Hujayyah ,M,,
168,Hujjat ,M,,
169,Hukam ,M,,
170,Hulayl ,M,,
171,Humair ,M,,
172,Humam ,M,,
173,Humamuddin ,M,,
174,Humayd ,M,,
175,Humayl ,M,,
176,Humayun ,M,,
177,Humd ,M,,
178,Humza ,M,,
179,Hunayn ,M,,
180,Hurairah ,M,,
181,Hurayra ,M,,
182,Hurays ,M,,
183,Hurayth ,M,,
184,Hurmat ,M,,
185,Hurrah ,M,,
186,Husain ,M,,
187,"Husain, Husayn, Hussein ",M,,
188,Husam ,M,,
189,Husam al Din ,M,,
190,Husamuddawlah ,M,,
191,Husamuddin ,M,,
192,Husayn ,M,,
193,Husayni ,M,,
194,Husni ,M,,
195,Hussain ,M,,
196,Hussein ,M,,
197,Huthayfa ,M,,
198,Huzaifa ,M,,
199,Huzaifah ,M,,
200,Huzayfah ,M,,
201,Huzayl ,M,,
1,Ibn ,M,,
2,Ibn Sina ,M,,
3,Ibrahim ,M,,
4,Ibtisam ,M,,
5,Id ,M,,
6,Idrak ,M,,
7,Idris ,M,,
8,Ifraz ,M,,
9,Iftikhar ,M,,
10,Iftikhar-ud-Din ,M,,
11,Iftikharus Sadat ,M,,
12,Ihab ,M,,
13,Ihsan ,M,,
14,Ihsanul Haq ,M,,
15,Ihtiraam ,M,,
16,Ihtiram ,M,,
17,Ihtishaam ,M,,
18,Ihtisham ,M,,
19,Ihtsham ,M,,
20,Ijaz ,M,,
21,Ijazul Haq ,M,,
22,Ijlal ,M,,
23,Ijli ,M,,
24,Ijtiba ,M,,
25,Ikhlas ,M,,
26,Ikhtiyar ,M,,
27,Iklil ,M,,
28,Ikram ,M,,
29,Ikram-ul-Haq ,M,,
30,Ikramullah ,M,,
31,Ikrima ,M,,
32,Ikrimah ,M,,
33,Iksir ,M,,
34,Ilahi ,M,,
35,Ilahi Bakhsh ,M,,
36,Ilan ,M,,
37,Ilham ,M,,
38,Ilhan ,M,,
39,Ilias ,M,,
40,Ilifat ,M,,
41,Iltifat ,M,,
42,Iltimas ,M,,
43,Ilyas ,M,,
44,Imaad ,M,,
45,Imad ,M,,
46,Imad al Din ,M,,
47,"Imad, Imad ",M,,
48,Imaduddin ,M,,
49,Imam ,M,,
50,Iman ,M,,
51,Imdad ,M,,
52,Imran ,M,,
53,"Imran, Imran ",M,,
54,Imtiaz ,M,,
55,Imtiyaz ,M,,
56,Inaam ,M,,
57,Inam ,M,,
58,Inamul Haq ,M,,
59,Inayat ,M,,
60,Inayatuddin ,M,,
61,Inayatullah ,M,,
62,Inayatur Rahman ,M,,
63,Insaf ,M,,
64,Insar ,M,,
65,Insha ,M,,
66,Inshirah ,M,,
67,Intaj ,M,,
68,Intezar ,M,,
69,Intikhab ,M,,
70,Intisam ,M,,
71,Intisar ,M,,
72,Intizar ,M,,
73,Inzamam ,M,,
74,Iqbal ,M,,
75,Iqraam ,M,,
76,Iqrit ,M,,
77,Iqtidar ,M,,
78,Irfan ,M,,
79,"Irfan, Irfan ",M,,
80,Irshad ,M,,
81,Irtiza ,M,,
82,Irtiza Husain ,M,,
83,Isa ,M,,
84,"Isa, Isa, Eisa ",M,,
85,Isaar ,M,,
86,Isad ,M,,
87,Isam ,M,,
88,"Isam, Isam, Issam ",M,,
89,Isbahani ,M,,
90,Ishaq ,M,,
91,Ishfaq ,M,,
92,Ishrat ,M,,
93,Ishtiyaq ,M,,
94,Iskafi ,M,,
95,Iskandar ,M,,
96,Islah ,M,,
97,Islam ,M,,
98,Isma'il ,M,,
99,Ismah ,M,,
100,Ismail ,M,,
101,Ismat ,M,,
102,Isra ,M,,
103,Israail ,M,,
104,Israfil ,M,,
105,Israil ,M,,
106,Israr ,M,,
107,Issar ,M,,
108,Istakhri ,M,,
109,Istifa ,M,,
110,Itakh ,M,,
111,Itban ,M,,
112,Ithaar ,M,,
113,Itidal ,M,,
114,Itimad ,M,,
115,Itsaf ,M,,
116,Iyaad ,M,,
117,Iyaas ,M,,
118,Iyaaz ,M,,
119,Iyad ,M,,
120,Iyali ,M,,
121,Iyas ,M,,
122,Izaan ,M,,
123,Izat ,M,,
124,Izaz ,M,,
125,Izazuddawlah ,M,,
126,Izum ,M,,
127,Izz ,M,,
128,Izz al Din ,M,,
129,Izzat ,M,,
130,Izzuddin ,M,,
1,Jaah ,M,,
2,Jaan ,M,,
3,Jabal ,M,,
4,Jabalah ,M,,
5,Jaban ,M,,
6,Jabbar ,M,,
7,"Jabbar, Jabr ",M,,
8,Jabir ,M,,
9,Jabr ,M,,
10,Jad ,M,,
11,Jad Allah ,M,,
12,Jadwal ,M,,
13,Jafar ,M,,
14,Jafri ,M,,
15,Jah ,M,,
16,Jahan ,M,,
17,Jahangir ,M,,
18,Jahanzeb ,M,,
19,Jahdami ,M,,
20,Jahdari ,M,,
21,Jaheer ,M,,
22,Jahfar ,M,,
23,Jahid ,M,,
24,Jahiz ,M,,
25,Jahm ,M,,
26,Jaish ,M,,
27,Jal ,M,,
28,Jalal ,M,,
29,Jalal al Din ,M,,
30,Jalal-ud-Din ,M,,
31,Jaleb ,M,,
32,Jaleed ,M,,
33,Jalees ,M,,
34,Jalil ,M,,
35,"Jalil, Jaleel ",M,,
36,Jalinoos ,M,,
37,Jalis ,M,,
38,Jamal ,M,,
39,Jamal al Din ,M,,
40,Jamal-ud-Din ,M,,
41,Jami ,M,,
42,Jamil ,M,,
43,"Jamil, Jameel ",M,,
44,Jammaz ,M,,
45,Jamshed ,M,,
46,Jamuh ,M,,
47,Jan ,M,,
48,Jan Muhammad ,M,,
49,Jan-e-Alam ,M,,
50,Janan ,M,,
51,Janasheen ,M,,
52,Janat Gul ,M,,
53,Jandarah ,M,,
54,Jaraah ,M,,
55,Jareed ,M,,
56,Jareem ,M,,
57,Jareer ,M,,
58,Jari ,M,,
59,Jarir ,M,,
60,Jariya ,M,,
61,Jariyah ,M,,
62,Jarood ,M,,
63,Jarrar ,M,,
64,Jarullah ,M,,
65,Jasim ,M,,
66,Jasim-ud-Din ,M,,
67,Jasim. ,M,,
68,Jasir ,M,,
69,Jasmir ,M,,
70,Jasur ,M,,
71,Jaul ,M,,
72,Jaun ,M,,
73,Javed ,M,,
74,Javier ,M,,
75,Jawad ,M,,
76,Jawahir ,M,,
77,Jawan ,M,,
78,Jawdah ,M,,
79,Jawdan ,M,,
80,Jawhar ,M,,
81,Jaza ,M,,
82,Jazam ,M,,
83,Jazel ,M,,
84,Jazey ,M,,
85,Jazi ,M,,
86,Jazib ,M,,
87,Jazool ,M,,
88,Jeelan ,M,,
89,Jehandar ,M,,
90,Jehfil ,M,,
91,Jergees ,M,,
92,Jerwan ,M,,
93,Jibrail ,M,,
94,Jibran ,M,,
95,Jibril ,M,,
96,Jihad ,M,,
97,Jinnah ,M,,
98,Jiyad ,M,,
99,Jnab ,M,,
100,Joinda ,M,,
101,Josha ,M,,
102,Juail ,M,,
103,Jubair ,M,,
104,"Jubair, Jubayr ",M,,
105,Jubayr ,M,,
106,Juday ,M,,
107,Juhaym ,M,,
108,Jul ,M,,
109,Juma' ,M,,
110,Jumah ,M,,
111,"Jumah, Jumuah ",M,,
112,Jumanah ,M,,
113,Jumlish ,M,,
114,Jummal ,M,,
115,Junaid ,M,,
116,"Junaid, Junayd ",M,,
117,Junayd ,M,,
118,Jundub ,M,,
119,Jurayj ,M,,
120,Jurhad ,M,,
121,Jusamah ,M,,
122,Juthamah ,M,,
123,"Juwain, Juwayn ",M,,
124,Juyal ,M,,
125,"Juzar, Joozher, Joozhar, Zuzer ",M,,
1,Kaamil ,M,,
2,Kaashif ,M,,
3,Kab ,M,,
4,Kabaark ,M,,
5,Kabar ,M,,
6,Kabir ,M,,
7,Kadar ,M,,
8,"Kadar, Kedar ",M,,
9,"Kadeen, Kadin ",M,,
10,"Kadeer, Kadir ",M,,
11,Kafalat ,M,,
12,Kafeel ,M,,
13,Kafi ,M,,
14,Kafil ,M,,
15,Kahil ,M,,
16,Kaif ,M,,
17,Kaifi ,M,,
18,Kaiqad ,M,,
19,Kaisan ,M,,
20,Kaiser ,M,,
21,Kajji ,M,,
22,Kalam ,M,,
23,Kalan ,M,,
24,Kalbi ,M,,
25,Kaleem ,M,,
26,Kalim ,M,,
27,Kalim-ud-Din ,M,,
28,Kalimullah ,M,,
29,Kaliq ,M,,
30,Kamal ,M,,
31,Kamaluddin ,M,,
32,Kameel ,M,,
33,Kamil ,M,,
34,"Kamil, Kameel ",M,,
35,Kamran ,M,,
36,Kamshad ,M,,
37,Kamyar ,M,,
38,Kanoom ,M,,
39,Karam ,M,,
40,Karamat ,M,,
41,Karamullah ,M,,
42,Kardal ,M,,
43,Kardar ,M,,
44,Kareef ,M,,
45,"Karif, Kareef ",M,,
46,Karim ,M,,
47,"Karim, Kareem ",M,,
48,Karmani ,M,,
49,Karoobi ,M,,
50,Karrar ,M,,
51,Kasam ,M,,
52,"Kaseem, Kasim ",M,,
53,Kashaf ,M,,
54,Kashan ,M,,
55,Kashfi ,M,,
56,Kashif ,M,,
57,Kasib ,M,,
58,"Kasib, Kaseeb ",M,,
59,Kasim ,M,,
60,Kasir ,M,,
61,Kasra ,M,,
62,Kateb ,M,,
63,"Kateb, Katib ",M,,
64,Kaukab ,M,,
65,Kausar ,M,,
66,Kayan ,M,,
67,Kayani ,M,,
68,Kaykaus ,M,,
69,Kaysan ,M,,
70,Kayvan ,M,,
71,Kazi ,M,,
72,Kazim ,M,,
73,Keyaan ,M,,
74,Khabbab ,M,,
75,Khabeer ,M,,
76,Khadim ,M,,
77,Khadin ,M,,
78,Khafid ,M,,
79,Khafiz ,M,,
80,Khair ,M,,
81,Khair al Din ,M,,
82,Khairat ,M,,
83,"Khairi, Khairy, Khayri ",M,,
84,Khairuddin ,M,,
85,Khairul Bashar ,M,,
86,Khairy ,M,,
87,Khaista ,M,,
88,Khak ,M,,
89,Khalaf ,M,,
90,Khalaf Hasan ,M,,
91,Khalam ,M,,
92,Khaldoon ,M,,
93,Khaldun ,M,,
94,"Khaldun, Khaldoon ",M,,
95,Khaleed ,M,,
96,Khaleel ,M,,
97,Khaleeq ,M,,
98,Khalid ,M,,
99,Khalid Bin Walid ,M,,
100,"Khalid, Khaled ",M,,
101,Khalifa ,M,,
102,Khalifah ,M,,
103,Khalil ,M,,
104,Khalil al Allah ,M,,
105,"Khalil, Khaleel, Kalil ",M,,
106,Khalilullah ,M,,
107,Khaliq ,M,,
108,Khaliqus Subhan ,M,,
109,Khaliquz Zaman ,M,,
110,Khalis ,M,,
111,Khallad ,M,,
112,Khan ,M,,
113,Khandawar ,M,,
114,Khaqan ,M,,
115,Kharijah ,M,,
116,Khashi ,M,,
117,Khasib ,M,,
118,Khateeb ,M,,
119,Khatib ,M,,
120,Khatir ,M,,
121,Khawar ,M,,
122,Khawli ,M,,
123,Khawwas ,M,,
124,Khawwat ,M,,
125,Khayaam ,M,,
126,Khayal ,M,,
127,Khayr ,M,,
128,Khayri ,M,,
129,Khayyam ,M,,
130,Khayyat ,M,,
131,Khayyir ,M,,
132,Khazin ,M,,
133,Khidash ,M,,
134,Khidr ,M,,
135,Khirash ,M,,
136,Khizar ,M,,
137,Khoda Daad ,M,,
138,Khog ,M,,
139,Khoury ,M,,
140,Khubayb ,M,,
141,Khuda Bakhsh ,M,,
142,Khulaidah ,M,,
143,Khulaifah ,M,,
144,Khulayd ,M,,
145,Khulud ,M,,
146,Khulus ,M,,
147,Khunays ,M,,
148,Khuraym ,M,,
149,Khuraymah ,M,,
150,Khurram ,M,,
151,Khursheed ,M,,
152,Khurshid ,M,,
153,Khush Bakht ,M,,
154,Khushal ,M,,
155,Khushdil ,M,,
156,Khushtar ,M,,
157,"Khuzaimah, Khuzaymah ",M,,
158,Khuzayma ,M,,
159,Khuzaymah ,M,,
160,Khwaja ,M,,
161,Khwazun ,M,,
162,Khyber ,M,,
163,Kibria ,M,,
164,Kifah ,M,,
165,Kifat ,M,,
166,Kifayat ,M,,
167,Kinza ,M,,
168,Kishwar ,M,,
169,Kohinoor ,M,,
170,Kulsoom ,M,,
171,Kurayb ,M,,
1,Labeeb ,M,,
2,Labib ,M,,
3,"Labib, Labeeb ",M,,
4,Labid ,M,,
5,Lablab ,M,,
6,Laeeq ,M,,
7,Laham ,M,,
8,Lahi'ah ,M,,
9,Laiq ,M,,
10,Lais ,M,,
11,Laith ,M,,
12,Lajbar ,M,,
13,Lajlaj ,M,,
14,Lal ,M,,
15,Laqeet ,M,,
16,Laraib ,M,,
17,Laskhar ,M,,
18,Latif ,M,,
19,Layeeq ,M,,
20,Layth ,M,,
21,Layyin ,M,,
22,Lazim ,M,,
23,Liaquat ,M,,
24,Liban ,M,,
25,Limazah ,M,,
26,Lisan ,M,,
27,Lisanuddin ,M,,
28,Liyaqat ,M,,
29,Lodhi ,M,,
30,Lu'ay ,M,,
31,Luay ,M,,
32,"Lubaid, Lubayd ",M,,
33,Luqman ,M,,
34,Lut ,M,,
35,Lutf ,M,,
36,Lutf-ul-Baari ,M,,
37,Lutf-ur-Rahman ,M,,
38,Lutfi ,M,,
39,Lutfullah ,M,,
1,Ma'dan ,M,,
2,Ma'mar ,M,,
3,Ma'mun ,M,,
4,Ma'n ,M,,
5,Maad ,M,,
6,Maahir ,M,,
7,Maali ,M,,
8,Maalik ,M,,
9,Maaz ,M,,
10,Mabad ,M,,
11,Mabruk ,M,,
12,Mad ,M,,
13,Madani ,M,,
14,Madhat ,M,,
15,Madih ,M,,
16,Mahad ,M,,
17,Mahasin ,M,,
18,Mahaz ,M,,
19,Mahbeer ,M,,
20,Mahboob ,M,,
21,Mahbub ,M,,
22,Mahbubullah ,M,,
23,Mahd ,M,,
24,Mahdi ,M,,
25,Maheen ,M,,
26,Maheer ,M,,
27,Maher ,M,,
28,Mahfuz ,M,,
29,Mahfuzur Rahman ,M,,
30,Mahib ,M,,
31,Mahir ,M,,
32,Mahja ,M,,
33,Mahjub ,M,,
34,Mahmood ,M,,
35,Mahmud ,M,,
36,"Mahmud, Mahmoud ",M,,
37,Mahroof ,M,,
38,Mahrus ,M,,
39,Mahtab ,M,,
40,Mahzuz ,M,,
41,Maimun ,M,,
42,"Maimun, Maymun ",M,,
43,Mairanay ,M,,
44,Maisara ,M,,
45,Maisur ,M,,
46,Majd ,M,,
47,Majd al Din ,M,,
48,Majdi ,M,,
49,Majduddin ,M,,
50,Majdy ,M,,
51,Majeed ,M,,
52,Majid ,M,,
53,Makhdoom ,M,,
54,Makin ,M,,
55,Makki ,M,,
56,Makram ,M,,
57,Malang ,M,,
58,Maleek ,M,,
59,Malih ,M,,
60,Malik ,M,,
61,Maluf ,M,,
62,Malyar ,M,,
63,Mamdooh ,M,,
64,"Mamdouh, Mamduh ",M,,
65,Mamduh ,M,,
66,Mamoon ,M,,
67,Mamoor ,M,,
68,Mamun ,M,,
69,Man ,M,,
70,"Man, Main ",M,,
71,Manaf ,M,,
72,Manal ,M,,
73,Mandhur ,M,,
74,Manha ,M,,
75,Manhal ,M,,
76,Mani ,M,,
77,Mannan ,M,,
78,Mansha ,M,,
79,Manshoor ,M,,
80,Mansoor ,M,,
81,Mansooruddin ,M,,
82,Mansur ,M,,
83,Manus ,M,,
84,Manzar ,M,,
85,Manzoor ,M,,
86,Maqadar ,M,,
87,Maqbool ,M,,
88,Maqeem ,M,,
89,Maqil ,M,,
90,Maqsood ,M,,
91,Maram ,M,,
92,Maraqab ,M,,
93,Marghoob ,M,,
94,Marghub ,M,,
95,Marid ,M,,
96,Markooz ,M,,
97,Maroof ,M,,
98,Marsad ,M,,
99,Maruf ,M,,
100,Marwan ,M,,
101,Marzooq ,M,,
102,Marzuq ,M,,
103,Masarrat ,M,,
104,Maseeh ,M,,
105,Maseehuzzaman ,M,,
106,Mash'al ,M,,
107,Mashal ,M,,
108,Mashhood ,M,,
109,Mashhud ,M,,
110,Mashhur ,M,,
111,Mashkoor ,M,,
112,Masir ,M,,
113,Masood ,M,,
114,Masoom ,M,,
115,Masoud ,M,,
116,Masroor ,M,,
117,Masrur ,M,,
118,Masud ,M,,
119,Masum ,M,,
120,Masun ,M,,
121,Mateen ,M,,
122,Matin ,M,,
123,Matloob ,M,,
124,Mausoof ,M,,
125,Mawahib ,M,,
126,Mawdood ,M,,
127,Mawhoob ,M,,
128,Mawla ,M,,
129,Mawsil ,M,,
130,Maymun ,M,,
131,Maysarah ,M,,
132,Mazhar ,M,,
133,Mazhar-ud-Din ,M,,
134,Mazharul Haq ,M,,
135,Mazid ,M,,
136,Mazin ,M,,
137,Mazkoor ,M,,
138,Meerab ,M,,
139,Mehboob ,M,,
140,Mehd ,M,,
141,Mehrab ,M,,
142,Mehran ,M,,
143,Mehtab ,M,,
144,Mekka ,M,,
145,Midlaj ,M,,
146,Miftah ,M,,
147,Mifzal ,M,,
148,Mihran ,M,,
149,Mihyar ,M,,
150,Mika ,M,,
151,Mika'il ,M,,
152,Mikaeel ,M,,
153,Mikail ,M,,
154,Mikayeel ,M,,
155,Mikhail ,M,,
156,Mimar ,M,,
157,Mimrah ,M,,
158,Minhaj ,M,,
159,Minhajuddin ,M,,
160,Minnah ,M,,
161,Minnatullah ,M,,
162,Miqdad ,M,,
163,Miqdam ,M,,
164,Mir ,M,,
165,Mir Jahaan ,M,,
166,Mir Wais ,M,,
167,Miraj ,M,,
168,Miran ,M,,
169,Mirsab ,M,,
170,Mirza ,M,,
171,Misam ,M,,
172,Misaq ,M,,
173,Misbah ,M,,
174,Misbahuddin ,M,,
175,"Mishaal, Mishal ",M,,
176,Miskeen ,M,,
177,Mistah ,M,,
178,Miyaz ,M,,
179,Mizan ,M,,
180,Mizanur Rahman ,M,,
181,Mo'tasim ,M,,
182,Moalim ,M,,
183,Moazzam ,M,,
184,Mobeen ,M,,
185,Moemen ,M,,
186,Mohammed ,M,,
187,Mohid ,M,,
188,Mohsin ,M,,
189,Moin ,M,,
190,Moiz ,M,,
191,Motabir ,M,,
192,Motaz ,M,,
193,Mounir ,M,,
194,Mourad ,M,,
195,Mu'adh ,M,,
196,Mu'afa ,M,,
197,Mu'alla ,M,,
198,Mu'allim ,M,,
199,Mu'attib ,M,,
200,Mu'awwiz ,M,,
201,Mu'ayyad ,M,,
202,Muad ,M,,
203,Muadh ,M,,
204,Muammar ,M,,
205,Muawin ,M,,
206,Muawiyah ,M,,
207,Muawwaz ,M,,
208,Muayyad ,M,,
209,Muaz ,M,,
210,Muazzam ,M,,
211,Mubajjal ,M,,
212,Muballigh ,M,,
213,Mubarak ,M,,
214,Mubaraq ,M,,
215,Mubarez ,M,,
216,Mubashir ,M,,
217,Mubassir ,M,,
218,Mubid ,M,,
219,Mubin ,M,,
220,Mubtasim ,M,,
221,Mudabbir ,M,,
222,Mudar ,M,,
223,Muddassir ,M,,
224,Muddaththir ,M,,
225,Mudrik ,M,,
226,Mueen ,M,,
227,Mueez ,M,,
228,Mufaad ,M,,
229,Mufaddal ,M,,
230,Mufakhar ,M,,
231,Mufakkir ,M,,
232,Mufallah ,M,,
233,Mufazzal ,M,,
234,Mufeed ,M,,
235,Mufid ,M,,
236,"Mufid, Mufeed ",M,,
237,Mufiz ,M,,
238,Muflih ,M,,
239,Mufti ,M,,
240,Mughis ,M,,
241,Mughith ,M,,
242,Mughni ,M,,
243,Muhab ,M,,
244,Muhaddas ,M,,
245,Muhafiz ,M,,
246,Muhafiz-ud-Din ,M,,
247,Muhaimin ,M,,
248,"Muhair, Muhayr ",M,,
249,Muhajir ,M,,
250,Muhammad ,M,,
251,"Muhammad, Mohammed ",M,,
252,Muhanna ,M,,
253,Muhannad ,M,,
254,"Muhannad, Muhanned ",M,,
255,Muharrem ,M,,
256,Muhazzab ,M,,
257,Muhdee ,M,,
258,Muheet ,M,,
259,Muhib ,M,,
260,Muhibb ,M,,
261,Muhibuddin ,M,,
262,Muhibullah ,M,,
263,Muhit ,M,,
264,Muhiyuddin ,M,,
265,Muhriz ,M,,
266,Muhsin ,M,,
267,Muhtadi ,M,,
268,Muhtashim ,M,,
269,Muhyi ,M,,
270,Muhyi al Din ,M,,
271,Muid ,M,,
272,Muin ,M,,
273,Muinuddawlah ,M,,
274,Muinuddin ,M,,
275,Muinul Islam ,M,,
276,Muizz ,M,,
277,Muizzuddawlah ,M,,
278,Muizzuddin ,M,,
279,Mujab ,M,,
280,Mujaddid ,M,,
281,Mujahid ,M,,
282,Mujammil ,M,,
283,Mujazzir ,M,,
284,Mujazziz ,M,,
285,Mujeeb ,M,,
286,Mujib ,M,,
287,Mujibur ,M,,
288,Mujir ,M,,
289,Mujtaba ,M,,
290,Mujtahid ,M,,
291,Mukafih ,M,,
292,Mukammil ,M,,
293,Mukarram ,M,,
294,Mukhallad ,M,,
295,Mukhlis ,M,,
296,Mukhtar ,M,,
297,Mukhtarul Haq ,M,,
298,Muktafi ,M,,
299,Mulail ,M,,
300,Mulayl ,M,,
301,Mulham ,M,,
302,Mulhim ,M,,
303,Mulk ,M,,
304,Mulla ,M,,
305,Mumin ,M,,
306,Mummar ,M,,
307,Mumtaz ,M,,
308,Munadi ,M,,
309,Munadil ,M,,
310,Munaf ,M,,
311,Munahid ,M,,
312,Munaim ,M,,
313,Munasir ,M,,
314,Munawar ,M,,
315,Mundhir ,M,,
316,Muneeb ,M,,
317,Muneer ,M,,
318,Munib ,M,,
319,Munif ,M,,
320,Munim ,M,,
321,Munir ,M,,
322,"Munir, Muneer ",M,,
323,Muniruzzaman ,M,,
324,Munis ,M,,
325,Munjid ,M,,
326,Munkadir ,M,,
327,Munna ,M,,
328,Munqad ,M,,
329,Munqiz ,M,,
330,Munsif ,M,,
331,Muntaqim ,M,,
332,Muntasir ,M,,
333,Muntazar ,M,,
334,Muntazir ,M,,
335,Munzir ,M,,
336,Muqaddas ,M,,
337,Muqaffa ,M,,
338,Muqarrab ,M,,
339,Muqatadir ,M,,
340,Muqbil ,M,,
341,Muqeet ,M,,
342,Muqla ,M,,
343,Muqsit ,M,,
344,Muqtadi ,M,,
345,Muqtadir ,M,,
346,Muqtafi ,M,,
347,Muqtasid ,M,,
348,Murabbi ,M,,
349,Murad ,M,,
350,Murarah ,M,,
351,Mursal ,M,,
352,Mursaleen ,M,,
353,Murshid ,M,,
354,Murtaad ,M,,
355,Murtaaz ,M,,
356,"Murtada, Murtadi, Murtadhy ",M,,
357,Murtadaa ,M,,
358,Murtaza ,M,,
359,Mus'ab ,M,,
360,Musa ,M,,
361,"Musa, Moosa ",M,,
362,Musab ,M,,
363,Musad ,M,,
364,Musaddiq ,M,,
365,Musaid ,M,,
366,Musawwir ,M,,
367,Museeb ,M,,
368,Musharraf ,M,,
369,Musheer ,M,,
370,Mushfiq ,M,,
371,Mushir ,M,,
372,Mushir-ul-Haq ,M,,
373,Mushtaq ,M,,
374,Musir ,M,,
375,Musleh ,M,,
376,Muslih ,M,,
377,Muslihuddin ,M,,
378,Muslim ,M,,
379,Mustaeen ,M,,
380,Mustafa ,M,,
381,Mustafa Kamal ,M,,
382,Mustafavi ,M,,
383,Mustafeed ,M,,
384,Mustafiz ,M,,
385,Mustahfiz ,M,,
386,Mustahsan ,M,,
387,Mustajab ,M,,
388,Mustakfi ,M,,
389,Mustakim ,M,,
390,Mustali ,M,,
391,Mustamsik ,M,,
392,Mustaneer ,M,,
393,Mustanjid ,M,,
394,Mustansir ,M,,
395,Mustaqeem ,M,,
396,Mustaqim ,M,,
397,Mustarshid ,M,,
398,Mustasim ,M,,
399,Mustatab ,M,,
400,Mustazhir ,M,,
401,Mustazi ,M,,
402,Muta ,M,,
403,Mutad ,M,,
404,Mutahhar ,M,,
405,Mutahhir ,M,,
406,Mutali ,M,,
407,Mutamad ,M,,
408,Mutamakan ,M,,
409,Mutamid ,M,,
410,Mutamin ,M,,
411,Mutammim ,M,,
412,Mutaqid ,M,,
413,Mutasim ,M,,
414,Mutawakkil ,M,,
415,Mutawalli ,M,,
416,Mutawassit ,M,,
417,Mutayyib ,M,,
418,Mutazid ,M,,
419,Mutazz ,M,,
420,Mutee ,M,,
421,Muthanna ,M,,
422,Muti ,M,,
423,Mutiul Islam ,M,,
424,Mutiur Rahman ,M,,
425,Mutlaq ,M,,
426,Muttalib ,M,,
427,Muttaqi ,M,,
428,Muttee ,M,,
429,Muwaffaq ,M,,
430,Muwaffiq ,M,,
431,Muyassar ,M,,
432,Muzaffar ,M,,
433,Muzaffaruddin ,M,,
434,Muzahir ,M,,
435,Muzahiruddin ,M,,
436,Muzakkir ,M,,
437,Muzammil ,M,,
438,Muzhir ,M,,
439,Muzzammil ,M,,
1,Na'il ,M,,
2,Naabih ,M,,
3,Naadhir ,M,,
4,Naadir ,M,,
5,Naaqid ,M,,
6,Naase ,M,,
7,Nabeel ,M,,
8,Nabhan ,M,,
9,"Nabhan, Nabih ",M,,
10,Nabi ,M,,
11,Nabi Bakhsh ,M,,
12,Nabigh ,M,,
13,Nabighah ,M,,
14,Nabih ,M,,
15,Nabil ,M,,
16,"Nabil, Nabeel ",M,,
17,Nabiullah ,M,,
18,Nadeem ,M,,
19,Nadhir ,M,,
20,Nadim ,M,,
21,"Nadim, Nadeem ",M,,
22,Nadir ,M,,
23,Nadr ,M,,
24,Naeem ,M,,
25,Naeemullah ,M,,
26,Naef ,M,,
27,Nafasat ,M,,
28,Nafees ,M,,
29,Nafi ,M,,
30,Nafis ,M,,
31,Nahid ,M,,
32,Nahyan ,M,,
33,Naib ,M,,
34,Naif ,M,,
35,Nail ,M,,
36,Naim ,M,,
37,Najaat ,M,,
38,Najah ,M,,
39,Najair ,M,,
40,Najam ,M,,
41,Najeeb ,M,,
42,Najeed ,M,,
43,Najeeh ,M,,
44,Naji ,M,,
45,Najib ,M,,
46,"Najib, Najeeb ",M,,
47,Najib-ud-Din ,M,,
48,Najibullah ,M,,
49,Najid ,M,,
50,Najih ,M,,
51,Najillah ,M,,
52,Najiullah ,M,,
53,Najjar ,M,,
54,Najji ,M,,
55,Najm ,M,,
56,Najm al Din ,M,,
57,Najmuddawlah ,M,,
58,Najmuddin ,M,,
59,Naman ,M,,
60,Namdar ,M,,
61,Nameer ,M,,
62,Namir ,M,,
63,Namood ,M,,
64,Nangial ,M,,
65,Naqeeb ,M,,
66,Naqi ,M,,
67,Naqib ,M,,
68,Naqid ,M,,
69,Naqit ,M,,
70,Naqqash ,M,,
71,Nasar ,M,,
72,Naseeb ,M,,
73,Naseef ,M,,
74,Naseem ,M,,
75,Naseer ,M,,
76,Naseeruddin ,M,,
77,"Nashah, Nashat ",M,,
78,Nashat ,M,,
79,Nasheet ,M,,
80,Nashir ,M,,
81,Nashit ,M,,
82,Nashwan ,M,,
83,Nasib ,M,,
84,Nasif ,M,,
85,Nasih ,M,,
86,Nasihuddin ,M,,
87,Nasim ,M,,
88,Nasim-ul-Haq ,M,,
89,Nasimuddin ,M,,
90,Nasir ,M,,
91,Nasir al Din ,M,,
92,Nasiruddin ,M,,
93,Nasmi ,M,,
94,Nasr ,M,,
95,"Nasr, Nasser ",M,,
96,Nasri ,M,,
97,Nasruddin ,M,,
98,Nasrullah ,M,,
99,Nasuh ,M,,
100,Natiq ,M,,
101,Nauman ,M,,
102,Naushad ,M,,
103,Naveed ,M,,
104,Nawab ,M,,
105,Nawaf ,M,,
106,"Nawaf, Nawwaf ",M,,
107,Nawaz ,M,,
108,Nawfal ,M,,
109,Nayab ,M,,
110,"Nayif, Naif ",M,,
111,Nayyar ,M,,
112,Nazakat ,M,,
113,Nazar ,M,,
114,Nazeef ,M,,
115,Nazeer ,M,,
116,Nazer ,M,,
117,Nazih ,M,,
118,"Nazih, Nazeeh ",M,,
119,Nazim ,M,,
120,"Nazim, Nazeem ",M,,
121,Nazimuddin ,M,,
122,Nazir ,M,,
123,Nazmi ,M,,
124,Nemat ,M,,
125,Niaz ,M,,
126,Niazi ,M,,
127,Nibras ,M,,
128,Nidal ,M,,
129,Nihal ,M,,
130,Nihar ,M,,
131,Nijad ,M,,
132,Nimatullah ,M,,
133,Nimr ,M,,
134,Nisar ,M,,
135,Nishaaj ,M,,
136,Nishat ,M,,
137,Nithar ,M,,
138,Niyaz ,M,,
139,Nizal ,M,,
140,Nizam ,M,,
141,Nizam-ul-Mulk ,M,,
142,Nizamat ,M,,
143,Nizami ,M,,
144,Nizamuddin ,M,,
145,Nizar ,M,,
146,Nizzar ,M,,
147,Nokhez ,M,,
148,Noman ,M,,
149,Nooh ,M,,
150,Noor ,M,,
151,Noor Muhammad ,M,,
152,Noorali ,M,,
153,Noori ,M,,
154,Nooruddin ,M,,
155,Noorul Absar ,M,,
156,Noorul Ayn ,M,,
157,Noorul Haq ,M,,
158,Noorul Huda ,M,,
159,Noorullah ,M,,
160,Nooruz Zaman ,M,,
161,Nu'man ,M,,
162,"Nuaim, Nuaym ",M,,
163,Nuaym ,M,,
164,Nubaid ,M,,
165,Nufail ,M,,
166,Nuh ,M,,
167,"Nuh, Nooh ",M,,
168,"Nuhaid, Nuhayd ",M,,
169,Numair ,M,,
170,Numan ,M,,
171,Nur ,M,,
172,Nur al Din ,M,,
173,Nur Firdaus ,M,,
174,Nur-ul-Qiblatayn ,M,,
175,Nuraz ,M,,
176,Nurdeen ,M,,
177,Nuri ,M,,
178,"Nuri, Noori ",M,,
179,Nusayb ,M,,
180,Nusayr ,M,,
181,"Nusrah, Nusrat ",M,,
182,Nusrat ,M,,
183,Nusratuddin ,M,,
184,Nuzayh ,M,,
1,Obaid ,M,,
2,Omar ,M,,
3,Omeed ,M,,
4,Osama ,M,,
5,Owais ,M,,
1,Pamir ,M,,
2,Parsa ,M,,
3,Parvez ,M,,
4,Pasha ,M,,
5,Pason ,M,,
6,Patang ,M,,
7,Patman ,M,,
8,Payam ,M,,
9,Paywastun ,M,,
10,Pelabo ,M,,
11,Pervaiz ,M,,
12,Perzo ,M,,
13,Pir ,M,,
14,Pirzada ,M,,
15,Pordal ,M,,
16,Purdil ,M,,
1,Qaanit ,M,,
2,Qabeel ,M,,
3,Qabool ,M,,
4,Qadeer ,M,,
5,Qadi ,M,,
6,Qadim ,M,,
7,Qadir ,M,,
8,Qahir ,M,,
9,Qaid ,M,,
10,Qaim ,M,,
11,Qais ,M,,
12,Qaiser ,M,,
13,Qalandar ,M,,
14,Qamar ,M,,
15,Qamaruddin ,M,,
16,Qani ,M,,
17,Qanit ,M,,
18,Qareeb ,M,,
19,Qaseem ,M,,
20,Qasid ,M,,
21,Qasidul Haq ,M,,
22,Qasif ,M,,
23,Qasim ,M,,
24,Qatadah ,M,,
25,Qatawah ,M,,
26,Qati'i ,M,,
27,Qawi ,M,,
28,Qays ,M,,
29,"Qays, Qais ",M,,
30,Qayyum ,M,,
31,Qazafi ,M,,
32,Qazi ,M,,
33,Qismat ,M,,
34,Qiwam ,M,,
35,Qiwamuddin ,M,,
36,Quadir ,M,,
37,Qudamah ,M,,
38,Quddoos ,M,,
39,Qudrat ,M,,
40,Qudratullah ,M,,
41,Quds ,M,,
42,Qudsi ,M,,
43,Qudwa ,M,,
44,Qurban ,M,,
45,Qureshi ,M,,
46,Qusay ,M,,
47,Qusta ,M,,
48,Qutaiba ,M,,
49,Qutaybah ,M,,
50,"Qutaybah, Qutaibah ",M,,
51,Qutb ,M,,
52,Qutbah ,M,,
53,Qutbuddin ,M,,
54,Qutuz ,M,, 
1,Ra'id ,M,,
2,Raafe ,M,,
3,Raahil ,M,,
4,Raashid ,M,,
5,Raazi ,M,,
6,Rab ,M,,
7,Rabah ,M,,
8,Rabar ,M,,
9,Rabbani ,M,,
10,Rabee ,M,,
11,Rabees ,M,,
12,Rabi ,M,,
13,Rabi' ,M,,
14,Rabiah ,M,,
15,Rabih ,M,,
16,Rabit ,M,,
17,Radi ,M,,
18,Raees ,M,,
19,Raem ,M,,
20,Rafan ,M,,
21,Rafaqat ,M,,
22,Rafay ,M,,
23,Rafaz ,M,,
24,Rafee ,M,,
25,Rafeek ,M,,
26,Rafi ,M,,
27,Rafi-ud-Din ,M,,
28,Rafid ,M,,
29,Rafif ,M,,
30,Rafiq ,M,,
31,Rafiqul Islam ,M,,
32,Rafq ,M,,
33,Ragheed ,M,,
34,Raghib ,M,,
35,"Raghib, Ragheb ",M,,
36,Raghid ,M,,
37,Raham ,M,,
38,Raham Dil ,M,,
39,Rahat ,M,,
40,Rahbar ,M,,
41,Raheeb ,M,,
42,Raheel ,M,,
43,Raheesh ,M,,
44,Rahil ,M,,
45,Rahim ,M,,
46,Rahman ,M,,
47,Rahmat ,M,,
48,Rahmatullah ,M,,
49,Rai ,M,,
50,Raid ,M,,
51,Raif ,M,,
52,Raihan ,M,,
53,Raiq ,M,,
54,Rais ,M,,
55,Raisuddin ,M,,
56,Raja ,M,,
57,Raja Al-Karim ,M,,
58,Rajaa ,M,,
59,Rajab ,M,,
60,Rajeel ,M,,
61,Raji ,M,,
62,Rajih ,M,,
63,Rakhshan ,M,,
64,Rakin ,M,,
65,Ramadan ,M,,
66,Rameez ,M,,
67,Rami ,M,,
68,Ramih ,M,,
69,Ramin ,M,,
70,Ramish ,M,,
71,Ramiz ,M,,
72,Ramiz-ud-Din ,M,,
73,Ramzi ,M,,
74,Rana ,M,,
75,Rani ,M,,
76,Raonar ,M,,
77,Raqib ,M,,
78,Raqim ,M,,
79,Raquib ,M,,
80,Raseem ,M,,
81,Raseen ,M,,
82,Rashaad ,M,,
83,Rashad ,M,,
84,Rashdan ,M,,
85,Rasheed ,M,,
86,Rasheed-ud-Din ,M,,
87,Rashid ,M,,
88,Rashiduddin ,M,,
89,Rashiq ,M,,
90,Rasikh ,M,,
91,Rasil ,M,,
92,Rasim ,M,,
93,Rasin ,M,,
94,Rasmi ,M,,
95,Rasool ,M,,
96,Rasul ,M,,
97,Ratib ,M,,
98,Rauf ,M,,
99,Rawahah ,M,,
100,Rawdah ,M,,
101,Rawh ,M,,
102,Rayhan ,M,,
103,Rayn ,M,,
104,Rayyan ,M,,
105,Raza ,M,,
106,Razan ,M,,
107,Razeen ,M,,
108,Razi ,M,,
109,Razi-Ur-Rahman ,M,,
110,Razin ,M,,
111,Razzaq ,M,,
112,"Reda, Rida, Ridha ",M,,
113,Rehan ,M,,
114,Reshteen ,M,,
115,Reza ,M,,
116,Rezaul Karim ,M,,
117,Riaz ,M,,
118,Rib'i ,M,,
119,Ridha ,M,,
120,Ridwan ,M,,
121,Rifa'ah ,M,,
122,Rifah ,M,,
123,Rifat ,M,,
124,Rihab ,M,,
125,Risay ,M,,
126,Riyad ,M,,
127,"Riyad, Riyadh ",M,,
128,Riyasat ,M,,
129,Riyaz ,M,,
130,Riyazul Islam ,M,,
131,Riza ,M,,
132,Rizq ,M,,
133,Rizq Allah ,M,,
134,Rizvi ,M,,
135,Rizwan ,M,,
136,Robeel ,M,,
137,Rohab ,M,,
138,Ronaq ,M,,
139,Rooh ,M,,
140,Roohul Amin ,M,,
141,Roohullah ,M,,
142,Roshan ,M,,
143,Rowel ,M,,
144,Roza ,M,,
145,Ruhi ,M,,
146,Ruhul Haq ,M,,
147,Ruhul Qudus ,M,,
148,Rukanah ,M,,
149,Rukhailah ,M,,
150,Rukham ,M,,
151,Rukn ,M,,
152,Ruknud Din ,M,,
153,Ruman ,M,,
154,Rushd ,M,,
155,Rushdi ,M,,
156,Rustam ,M,,
157,"Ruwaid, Ruwayd ",M,,
158,Ruwayfe ,M,,
159,Ruwayfi ,M,,
160,Ruwwad ,M,, 
1,Sa'd ,M,,
2,Sa'dan ,M,,
3,Sa'id ,M,,
4,Sa'im ,M,,
5,Sa'ir ,M,,
6,Sa'irah ,M,,
7,Sa'ood ,M,,
8,Saad ,M,,
9,Saadah ,M,,
10,Saadat ,M,,
11,Saadi ,M,,
12,Saaduddin ,M,,
13,Saadullah ,M,,
14,Saafi ,M,,
15,Saafir ,M,,
16,Saami ,M,,
17,Saamir ,M,,
18,Saaqib ,M,,
19,Sab ,M,,
20,Sabah ,M,,
21,Sabahat ,M,,
22,Sabaque ,M,,
23,Sabat ,M,,
24,Sabawoon ,M,,
25,Sabeeh ,M,,
26,Sabeer ,M,,
27,Sabih ,M,,
28,"Sabih, Sabeeh ",M,,
29,Sabiq ,M,,
30,Sabir ,M,,
31,"Sabir, Sabeer ",M,,
32,Sabit ,M,,
33,Saboor ,M,,
34,Sabri ,M,,
35,Sabuh ,M,,
36,Sabur ,M,,
37,Saburah ,M,,
38,Sad ,M,,
39,Sad al Din ,M,,
40,Sadaat ,M,,
41,Sadad ,M,,
42,Sadaqat ,M,,
43,Sadeed ,M,,
44,Sadeem ,M,,
45,Sadid ,M,,
46,Sadin ,M,,
47,Sadiq ,M,,
48,Sadir ,M,,
49,Sadit ,M,,
50,Sadooq ,M,,
51,Sadr ,M,,
52,Sadruddin ,M,,
53,Saduh ,M,,
54,Sadul Khalq ,M,,
55,Sadun ,M,,
56,Saee ,M,,
57,Saeeb ,M,,
58,Saeed ,M,,
59,"Saeed, Said ",M,,
60,Saeeduz Zaman ,M,,
61,Saeel ,M,,
62,Safa ,M,,
63,Safdar ,M,,
64,Safeenah ,M,,
65,Safeer ,M,,
66,Saffah ,M,,
67,Saffar ,M,,
68,Safi ,M,,
69,Safir ,M,,
70,Safiuddin ,M,,
71,Safiullah ,M,,
72,Safiy ,M,,
73,Safiy al Din ,M,,
74,Safiy-Allah ,M,,
75,Safiyy ,M,,
76,Saft ,M,,
77,Safuh ,M,,
78,Saful Islam ,M,,
79,"Safwah, Safwat ",M,,
80,Safwan ,M,,
81,Sagar ,M,,
82,Sagheer ,M,,
83,Saghir Ali ,M,,
84,Sahab ,M,,
85,Sahar ,M,,
86,Saheed ,M,,
87,Saheim ,M,,
88,Saher ,M,,
89,Sahib ,M,,
90,Sahil ,M,,
91,Sahim ,M,,
92,Sahir ,M,,
93,Sahl ,M,,
94,Sahm ,M,,
95,Sahmir ,M,,
96,Saib ,M,,
97,Said ,M,,
98,Saidah ,M,,
99,Saif ,M,,
100,Saif al Din ,M,,
101,"Saif, Sayf, Seif ",M,,
102,Saifan ,M,,
103,Saifee ,M,,
104,Saifuddin ,M,,
105,Saiful Azman ,M,,
106,Saiful Baari ,M,,
107,Saiful Islam ,M,,
108,Saifullah ,M,,
109,Saifulmulk ,M,,
110,Saim ,M,,
111,Sair ,M,,
112,Saja ,M,,
113,Sajal ,M,,
114,Sajeel ,M,,
115,Saji ,M,,
116,Sajid ,M,,
117,Sajidur Rahman ,M,,
118,Sajjad ,M,,
119,Sakha ,M,,
120,Sakhan ,M,,
121,Sakhawat ,M,,
122,Sakher ,M,,
123,Sakhi ,M,,
124,Sakhir ,M,,
125,Sakhr ,M,,
126,Sakhrah ,M,,
127,Sakoot ,M,,
128,Salaahddinn ,M,,
129,Salaam ,M,,
130,Salabah ,M,,
131,Salabat ,M,,
132,Salah ,M,,
133,Salah al Din ,M,,
134,Salah-ud-Din ,M,,
135,Salam ,M,,
136,Salama ,M,,
137,Salamah ,M,,
138,Salamat ,M,,
139,Salamatullah ,M,,
140,Salar ,M,,
141,Saleem ,M,,
142,Saleemullah ,M,,
143,Saleemuz Zaman ,M,,
144,Saleet ,M,,
145,"Saleh, Salih ",M,,
146,Salif ,M,,
147,Salih ,M,,
148,Salik ,M,,
149,Salil ,M,,
150,Salim ,M,,
151,"Salim, Saleem ",M,,
152,Salit ,M,,
153,Salman ,M,,
154,Salsaal ,M,,
155,Salsal ,M,,
156,Salt ,M,,
157,Sama ,M,,
158,Samad ,M,,
159,Samah ,M,,
160,Samama ,M,,
161,Saman ,M,,
162,Samandar ,M,,
163,Samar ,M,,
164,Sameen ,M,,
165,Sameer ,M,,
166,Sami ,M,,
167,Samih ,M,,
168,Samim ,M,,
169,Samin ,M,,
170,Samir ,M,,
171,"Samir, Sameer ",M,,
172,Samit ,M,,
173,Sammak ,M,,
174,Samman ,M,,
175,Samsaam ,M,,
176,Samsor ,M,,
177,Samurah ,M,,
178,Sana ,M,,
179,Sanad ,M,,
180,Sanaullah ,M,,
181,Sanawbar ,M,,
182,Sangar ,M,,
183,Sangrez ,M,,
184,Sanie ,M,,
185,Sanobar ,M,,
186,Saqaf ,M,,
187,Saqeel ,M,,
188,Saqer ,M,,
189,Saqib ,M,,
190,Saqif ,M,,
191,Saqlain ,M,,
192,Saqr ,M,,
193,Sarab ,M,,
194,Sarae ,M,,
195,Saramat ,M,,
196,Sarban ,M,,
197,Sarbaz ,M,,
198,Sardar ,M,,
199,Sarfaraz ,M,,
200,Sarfraz ,M,,
201,Sarim ,M,,
202,Sariyah ,M,,
203,Sarkar ,M,,
204,Sarmad ,M,,
205,Sarosh ,M,,
206,Sartor ,M,,
207,Sarwar ,M,,
208,Sarwat ,M,,
209,Sati ,M,,
210,Sattar ,M,,
211,Sauban ,M,,
212,Saud ,M,,
213,Saulat ,M,,
214,Sawa ,M,,
215,Sawad ,M,,
216,Sawlat ,M,,
217,Sawsan ,M,,
218,Sawwaaf ,M,,
219,Sawwaf ,M,,
220,Sayel ,M,,
221,Sayf ,M,,
222,Sayfiyy ,M,,
223,Sayhan ,M,,
224,Sayid ,M,,
225,Sayyar ,M,,
226,Sayyid ,M,,
227,Seema ,M,,
228,Seif ,M,,
229,Selab ,M,,
230,Selani ,M,,
231,Shaaf ,M,,
232,Shaafi ,M,,
233,Shaan ,M,,
234,Shaar ,M,,
235,Shaaz ,M,,
236,Shabaan ,M,,
237,Shabab ,M,,
238,Shabah ,M,,
239,Shaban ,M,,
240,Shabb ,M,,
241,Shabbeer ,M,,
242,Shabbir ,M,,
243,Shabeeh ,M,,
244,Shabi ,M,,
245,Shabib ,M,,
246,Shabib. ,M,,
247,Shad ,M,,
248,Shadab ,M,,
249,Shadah ,M,,
250,Shadan ,M,,
251,Shadeed ,M,,
252,Shadi ,M,,
253,Shadin ,M,,
254,Shafaat ,M,,
255,Shafay ,M,,
256,Shafee ,M,,
257,Shafi ,M,,
258,Shafin ,M,,
259,Shafiq ,M,,
260,"Shafiq, Shafeeq ",M,,
261,Shafiulla ,M,,
262,Shafqat ,M,,
263,Shagufta ,M,,
264,Shaguftah ,M,,
265,Shah ,M,,
266,Shah Alam ,M,,
267,Shah Jahan ,M,,
268,Shah Nawaz ,M,,
269,Shahab ,M,,
270,Shahadat ,M,,
271,Shahan ,M,,
272,Shahan Shah ,M,,
273,Shaharyar ,M,,
274,Shahbaz ,M,,
275,Shaheed ,M,,
276,Shaheem ,M,,
277,Shaheen ,M,,
278,Shaheer ,M,,
279,Shahid ,M,,
280,Shahin ,M,,
281,Shahiq ,M,,
282,Shahir ,M,,
283,Shahmeer ,M,,
284,Shahnawaz ,M,,
285,Shahroz ,M,,
286,Shahrukh ,M,,
287,Shahwar ,M,,
288,Shahzad ,M,,
289,Shahzada ,M,,
290,Shahzaib ,M,,
291,Shahzar ,M,,
292,Shahzor ,M,,
293,Shahzore ,M,,
294,Shaibaan ,M,,
295,Shaida ,M,,
296,Shaikh ,M,,
297,Shaikhul Islam ,M,,
298,Shaiq ,M,,
299,Shairyaar ,M,,
300,Shajan ,M,,
301,Shajee ,M,,
302,Shaji ,M,,
303,Shakeeb ,M,,
304,Shakeel ,M,,
305,Shakib ,M,,
306,Shakil ,M,,
307,Shakir ,M,,
308,Shakur ,M,,
309,Shallal ,M,,
310,Shamal ,M,,
311,Shamas ,M,,
312,Shameem ,M,,
313,Shamel ,M,,
314,Shamil ,M,,
315,Shamim ,M,,
316,Shammas ,M,,
317,Shamoil ,M,,
318,Shams ,M,,
319,Shams al Din ,M,,
320,Shams-ud-Din ,M,,
321,Shams-ul-Haq ,M,,
322,Shamshad ,M,,
323,Shamsheer ,M,,
324,Shamsideen ,M,,
325,Shamsudduha ,M,,
326,Shamsuzzaman ,M,,
327,Shamuel ,M,,
328,Shan ,M,,
329,Shanawar ,M,,
330,Shaoor ,M,,
331,Shaqeeq ,M,,
332,Sharaf ,M,,
333,Sharafat ,M,,
334,Sharafuddin ,M,,
335,Sharaheel ,M,,
336,Shareef ,M,,
337,Shareeh ,M,,
338,Shareek ,M,,
339,Shariat ,M,,
340,Shariatullah ,M,,
341,Sharif ,M,,
342,"Sharif, Shareef ",M,,
343,Sharifuddin ,M,,
344,Sharim ,M,,
345,Shariq ,M,,
346,Sharique ,M,,
347,Sharjil ,M,,
348,Shaukat ,M,,
349,Shaukeen ,M,,
350,Shawaiz ,M,,
351,Shawqi ,M,,
352,Shayaan ,M,,
353,Shayal ,M,,
354,Shayan ,M,,
355,Shaybah ,M,,
356,Shayban ,M,,
357,Shazad ,M,,
358,Shazain ,M,,
359,Shazeb ,M,,
360,Shazil ,M,,
361,Shees ,M,,
362,Shehroze ,M,,
363,Shehryaar ,M,,
364,Shehryar ,M,,
365,Shehzaad ,M,,
366,Sher ,M,,
367,Sher Dil ,M,,
368,Sherafgan ,M,,
369,Sheraz ,M,,
370,Sherin ,M,,
371,Shibl ,M,,
372,Shibli ,M,,
373,Shifa ,M,,
374,Shihab ,M,,
375,Shihab Al Din ,M,,
376,Shihabuddin ,M,,
377,Shihad ,M,,
378,Shin Gul ,M,,
379,Shinas ,M,,
380,Shindi Gul ,M,,
381,Shiqdar ,M,,
382,Shiraz ,M,,
383,Shoaib ,M,,
384,Shpoon ,M,,
385,Shu'aa ,M,,
386,Shua ,M,,
387,Shuaib ,M,,
388,"Shuaib, Shuayb ",M,,
389,Shuayb ,M,,
390,Shubool ,M,,
391,Shuhrat ,M,,
392,Shuja ,M,,
393,Shujaat ,M,,
394,Shujauddin ,M,,
395,Shukr ,M,,
396,Shukri ,M,,
397,Shumayl ,M,,
398,Shuneal ,M,,
399,Shuqran ,M,,
400,Shurahbeel ,M,,
401,Shurayh ,M,,
402,Shuraym ,M,,
403,Sibghatullah ,M,,
404,Sibtain ,M,,
405,Siddiq ,M,,
406,Siddique ,M,,
407,Siddiqui ,M,,
408,Siddiqullah ,M,,
409,Sifet ,M,,
410,Siffat ,M,,
411,Siham ,M,,
412,Sikandar ,M,,
413,Silah ,M,,
414,Silahuddin ,M,,
415,Silan ,M,,
416,Silm ,M,,
417,Simak ,M,,
418,Sinan ,M,,
419,Sinanuddin ,M,,
420,Siraj ,M,,
421,Siraj al Din ,M,,
422,Sirajud Dawlah ,M,,
423,Sirajuddin ,M,,
424,Siwar ,M,,
425,Siyaf ,M,,
426,Slaeet ,M,,
427,Snober ,M,,
428,Sofian ,M,,
429,Sohaib ,M,,
430,Sohail ,M,,
431,Sohrab ,M,,
432,Somood ,M,,
433,Souban ,M,,
434,Sparlay ,M,,
435,Spinzar ,M,,
436,Storay ,M,,
437,Subah ,M,,
438,Subahuddin ,M,,
439,Subaih ,M,,
440,Subayah ,M,,
441,Subbooh ,M,,
442,Subhan ,M,,
443,Subhi ,M,,
444,Suboor ,M,,
445,Sufi ,M,,
446,Sufian ,M,,
447,Sufyan ,M,,
448,Suhaan ,M,,
449,Suhaib ,M,,
450,"Suhaib, Suhayb ",M,,
451,Suhail ,M,,
452,"Suhail, Suhayl ",M,,
453,Suhaili ,M,,
454,"Suhaim, Suhaym ",M,,
455,Suhayb ,M,,
456,Suhayl ,M,,
457,Suheb ,M,,
458,Suhrab ,M,,
459,Sulaiman ,M,,
460,"Sulaiman, Sulayman ",M,,
461,Sulayk ,M,,
462,Sulayman ,M,,
463,Sulayt ,M,,
464,Sultaan ,M,,
465,Sultan ,M,,
466,Sumamah ,M,,
467,Sumayya ,M,,
468,Sumrah ,M,,
469,Suraqah ,M,,
470,Surayj ,M,,
471,Surraq ,M,,
472,Surur ,M,,
473,"Suud, Suoud ",M,,
474,Suwaybit ,M,,
475,Suwayd ,M,,
476,Swab ,M,,
477,Syed ,M,, 
1,Taahid ,M,,
2,Taai ,M,,
3,Taalim ,M,,
4,Taaraz ,M,,
5,Taban ,M,,
6,Tabarik ,M,,
7,Tabassum ,M,,
8,Tabbah ,M,,
9,Tabbar ,M,,
10,Tabeed ,M,,
11,Tabeen ,M,,
12,Tabish ,M,,
13,Tabnak ,M,,
14,Tabrid ,M,,
15,Tafazzul ,M,,
16,Tafazzul Husain ,M,,
17,Tafheem ,M,,
18,Taha ,M,,
19,Tahawwur ,M,,
20,Tahbeer ,M,,
21,Taheem ,M,,
22,Taheer ,M,,
23,Tahfeez ,M,,
24,Tahib ,M,,
25,Tahir ,M,,
26,Tahleem ,M,,
27,Tahmeed ,M,,
28,Tahmid ,M,,
29,Tahoor ,M,,
30,Tahseen ,M,,
31,Tahsin ,M,,
32,Taib ,M,,
33,Taif ,M,,
34,Taifur Rahman ,M,,
35,"Taim Allah, Taym Allah ",M,,
36,Taimullah ,M,,
37,Taimur ,M,,
38,Taisir ,M,,
39,Taj ,M,,
40,Taj al Din ,M,,
41,Taj Bakhsh ,M,,
42,Tajammal ,M,,
43,Tajammul ,M,,
44,Tajammul Husain ,M,,
45,Tajdar ,M,,
46,Tajuddin ,M,,
47,Tajudinn ,M,,
48,Tajul Islam ,M,,
49,Tajwar ,M,,
50,Talab ,M,,
51,Talal ,M,,
52,Talat ,M,,
53,Talha ,M,,
54,Talhah ,M,,
55,Tali ,M,,
56,Talib ,M,,
57,Talim ,M,,
58,Talish ,M,,
59,Taloob ,M,,
60,Taloot ,M,,
61,Talum ,M,,
62,Tamam ,M,,
63,Tamanna ,M,,
64,Tameem ,M,,
65,Tameez ,M,,
66,Tamim ,M,,
67,Tamir ,M,,
68,Tamiz ,M,,
69,Tamiz-ud-Din ,M,,
70,Tamjid ,M,,
71,Tamkeen ,M,,
72,Tammam ,M,,
73,Tanim ,M,,
74,Tanveer ,M,,
75,Tanweel ,M,,
76,Tanwir ,M,,
77,Tanzeem ,M,,
78,Tanzil ,M,,
79,Tanzilur Rahman ,M,,
80,Taqaddam ,M,,
81,Taqi ,M,,
82,Taqiuddin ,M,,
83,Taqiy ,M,,
84,Taqiyy ,M,,
85,Tarannum ,M,,
86,Taraz ,M,,
87,Tareef ,M,,
88,Tareeq ,M,,
89,"Tarif, Tareef ",M,,
90,Tariq ,M,,
91,Taroon ,M,,
92,Tarub ,M,,
93,Tasadduq ,M,,
94,Tasadduq Husain ,M,,
95,Tasawwar ,M,,
96,Taseel ,M,,
97,Taseen ,M,,
98,Taseer ,M,,
99,Tashbeed ,M,,
100,Taslim ,M,,
101,Tasmeem ,M,,
102,Tasneem ,M,,
103,Tasneen ,M,,
104,Tasnin ,M,,
105,Tatheer ,M,,
106,Tawas ,M,,
107,Tawbah ,M,,
108,Tawfeeq ,M,,
109,Tawfiq ,M,,
110,Tawhid ,M,,
111,Tawoos ,M,,
112,Tawqir ,M,,
113,Tawseef ,M,,
114,Tawwab ,M,,
115,Taymullah ,M,,
116,Taymur ,M,,
117,Taysir ,M,,
118,Tayyab ,M,,
119,Tayyib ,M,,
120,Tazam ,M,,
121,Tazeem ,M,,
122,Tazim ,M,,
123,Tazimuddin ,M,,
124,Tha'labah ,M,,
125,Thabit ,M,,
126,Thaman ,M,,
127,Thamar ,M,,
128,"Thamer, Thamir ",M,,
129,Thaqaf ,M,,
130,Thaqib ,M,,
131,Tharwat ,M,,
132,Thauban ,M,,
133,Thawab ,M,,
134,Thawban ,M,,
135,Thayer ,M,,
136,Thumamah ,M,,
137,Tihami ,M,,
138,Tiraq ,M,,
139,Tirmizi ,M,,
140,Tolwak ,M,,
141,Tooba ,M,,
142,Toryal ,M,,
143,Toti ,M,,
144,Treef ,M,,
145,Tufail ,M,,
146,Tufayl ,M,,
147,Tulaib ,M,,
148,Tulayb ,M,,
149,Turab ,M,,
150,Turan ,M,,
151,Turhan ,M,,
152,Turialai ,M,, 
1,Ubadah ,M,,
2,Ubaid ,M,,
3,Ubaidah ,M,,
4,"Ubaidah, Ubaydah ",M,,
5,Ubaidullah ,M,,
6,Ubayd ,M,,
7,Ubaydullah ,M,,
8,Ubayy ,M,,
9,"Udail, Udayl ",M,,
10,Uday ,M,,
11,Uhban ,M,,
12,Ukashah ,M,,
13,Ula ,M,,
14,Ulfat ,M,,
15,Umair ,M,,
16,Umar ,M,,
17,"Umar, Omar ",M,,
18,Umarah ,M,,
19,Umayr ,M,,
20,"Umayr, Umair ",M,,
21,Umayyah ,M,,
22,Umdah ,M,,
23,Umdatuddawlah ,M,,
24,Umran ,M,,
25,Unays ,M,,
26,Unsar ,M,,
27,Uqaab ,M,,
28,Uqba ,M,,
29,Uqbah ,M,,
30,Urfee ,M,,
31,Urmia ,M,,
32,Urooj ,M,,
33,Urwah ,M,,
34,Usaid ,M,,
35,"Usaim, Usaym ",M,,
36,Usama ,M,,
37,"Usama, Usamah ",M,,
38,Usamah ,M,,
39,Usayd ,M,,
40,Usman ,M,,
41,Uswah ,M,,
42,Utbah ,M,,
43,Uthal ,M,,
44,Uthman ,M,,
45,Uwaim ,M,,
46,Uwais ,M,,
47,Uwayam ,M,,
48,Uzair ,M,,
49,Uzayr ,M,, 
1,Waa'il ,M,,
2,Waali ,M,,
3,Waarith ,M,,
4,Waasey ,M,,
5,Wabisah ,M,,
6,Wadaan ,M,,
7,Waddah ,M,,
8,Waddood ,M,,
9,Wadi ,M,,
10,Wadid ,M,,
11,Wadood ,M,,
12,Wafa ,M,,
13,Wafadar ,M,,
14,Wafai ,M,,
15,Wafaqat ,M,,
16,Wafi ,M,,
17,Wafiq ,M,,
18,"Wafiq, Wafeeq ",M,,
19,Wahab ,M,,
20,Wahaj ,M,,
21,Wahb ,M,,
22,Wahban ,M,,
23,Wahdat ,M,,
24,Waheed ,M,,
25,Wahhab ,M,,
26,Wahhaj ,M,,
27,Wahib ,M,,
28,Wahid ,M,,
29,Wahiduddin ,M,,
30,Wahiduzzaman ,M,,
31,Wail ,M,,
32,Waiz ,M,,
33,Wajahat ,M,,
34,Wajd ,M,,
35,Wajdan ,M,,
36,Wajdi ,M,,
37,Wajeeh ,M,,
38,Wajid ,M,,
39,Wajih ,M,,
40,Wakalat ,M,,
41,Wakdar ,M,,
42,Wakee ,M,,
43,Wakeel ,M,,
44,Wakil ,M,,
45,Waleed ,M,,
46,Wali ,M,,
47,Wali Uddin ,M,,
48,Walid ,M,,
49,"Walid, Waleed ",M,,
50,Walif ,M,,
51,Waliullah ,M,,
52,Waliy al Din ,M,,
53,Waliy Allah ,M,,
54,Wallad ,M,,
55,Wamaq ,M,,
56,Waqaar ,M,,
57,Waqar ,M,,
58,Waqas ,M,,
59,Waqf ,M,,
60,Waqid ,M,,
61,Waqif ,M,,
62,Waqqad ,M,,
63,Waqqas ,M,,
64,Ward ,M,,
65,Warid ,M,,
66,Waris ,M,,
67,Warqa ,M,,
68,Wasam ,M,,
69,Wasay ,M,,
70,Waseef ,M,,
71,Waseem ,M,,
72,Waseeq ,M,,
73,Wasey ,M,,
74,Wasfi ,M,,
75,Wasi ,M,,
76,Wasif ,M,,
77,Wasil ,M,,
78,Wasilah ,M,,
79,Wasim ,M,,
80,"Wasim, Waseem ",M,,
81,Wasimuddin ,M,,
82,Wasiq ,M,,
83,Watheq ,M,,
84,Wazir ,M,,
85,Wilan ,M,,
86,Wilayat ,M,,
87,Wildan ,M,,
88,Wisam ,M,,
89,Wohayb ,M,, 
1,Yaamin ,M,,
2,Yaeesh ,M,,
3,Yafi ,M,,
4,Yafir ,M,,
5,Yagana ,M,,
6,Yaghnam ,M,,
7,Yahya ,M,,
8,Yakta ,M,,
9,Yala ,M,,
10,Yama ,M,,
11,Yamak ,M,,
12,Yaman ,M,,
13,Yameen ,M,,
14,Yamin ,M,,
15,Yaqeen ,M,,
16,Yaqoob ,M,,
17,Yaqoot ,M,,
18,Yaqub ,M,,
19,Yaqzan ,M,,
20,Yar ,M,,
21,Yar Muhammad ,M,,
22,Yasar ,M,,
23,"Yasar, Yasser ",M,,
24,Yaseen ,M,,
25,Yasha ,M,,
26,Yasin ,M,,
27,"Yasin, Yaseen ",M,,
28,Yasir ,M,,
29,Yasoob ,M,,
30,Yasra ,M,,
31,Yasrib ,M,,
32,Yathrib ,M,,
33,Yawar ,M,,
34,Yazan ,M,,
35,Yazeed ,M,,
36,"Yazid, Yazeed ",M,,
37,Yoon ,M,,
38,"Youssef, Yusef, Yusuf ",M,,
39,Yuhannis ,M,,
40,Yumn ,M,,
41,Yunus ,M,,
42,"Yunus, Yoonus ",M,,
43,Yushua ,M,,
44,Yusr ,M,,
45,Yusri ,M,,
46,Yusuf ,M,,
1,Za'ir ,M,,
2,Zaabit ,M,,
3,Zaad ,M,,
4,Zaahir ,M,,
5,Zaakir ,M,,
6,Zaarib ,M,,
7,Zabba ,M,,
8,Zabir ,M,,
9,Zabrij ,M,,
10,Zaeem ,M,,
11,Zafar ,M,,
12,Zafeer ,M,,
13,Zafir ,M,,
14,Zafof ,M,,
15,Zafran ,M,,
16,Zaheen ,M,,
17,Zaheer ,M,,
18,Zaheeruddawlah ,M,,
19,Zaheeruddin ,M,,
20,Zahhaak ,M,,
21,Zahi ,M,,
22,Zahid ,M,,
23,Zahil ,M,,
24,Zahir ,M,,
25,Zahoor ,M,,
26,Zaid ,M,,
27,"Zaid, Zayd ",M,,
28,Zaidan ,M,,
29,Zaigham ,M,,
30,Zaighum ,M,,
31,Zaim ,M,,
32,Zaimuddin ,M,,
33,Zain ,M,,
34,"Zain, Zayn ",M,,
35,Zainuddin ,M,,
36,Zainul Abidin ,M,,
37,Zair ,M,,
38,Zajil ,M,,
39,Zaka ,M,,
40,Zakar ,M,,
41,Zakariya ,M,,
42,Zakariyya ,M,,
43,Zakawan ,M,,
44,Zakawat ,M,,
45,Zakhif ,M,,
46,Zaki ,M,,
47,"Zaki, Zaky ",M,,
48,Zakir ,M,,
49,Zakiuddin ,M,,
50,Zakoor ,M,,
51,Zakwan ,M,,
52,Zaland ,M,,
53,Zalmay ,M,,
54,Zalool ,M,,
55,Zamaam ,M,,
56,Zamaar ,M,,
57,Zaman ,M,,
58,Zaman Shah ,M,,
59,Zameer ,M,,
60,Zami ,M,,
61,Zamil ,M,,
62,Zamin ,M,,
63,Zamir ,M,,
64,Zamiruddin ,M,,
65,Zamurad ,M,,
66,Zamurah ,M,,
67,Zamzam ,M,,
68,Zar Gul ,M,,
69,Zaraan ,M,,
70,Zarak ,M,,
71,Zaram ,M,,
72,Zarang ,M,,
73,Zarar ,M,,
74,Zaray ,M,,
75,Zarbat ,M,,
76,Zardab ,M,,
77,Zarf ,M,,
78,Zargar ,M,,
79,Zarghun ,M,,
80,Zarhawar ,M,,
81,Zarhgay ,M,,
82,Zarif ,M,,
83,Zarin ,M,,
84,Zarkanay ,M,,
85,Zarlesh ,M,,
86,Zarmast ,M,,
87,Zaroon ,M,,
88,Zarrar ,M,,
89,Zaryab ,M,,
90,Zaviyar ,M,,
91,Zawaad ,M,,
92,Zawar ,M,,
93,Zayaam ,M,,
94,Zayan ,M,,
95,Zayd ,M,,
96,Zaydan ,M,,
97,Zaytoon ,M,,
98,Zeb ,M,,
99,Zebadiyah ,M,,
100,Zee Shah ,M,,
101,Zeebaq ,M,,
102,Zeeshan ,M,,
103,Zgard ,M,,
104,Zhobin ,M,,
105,Zia ,M,,
106,"Ziad, Ziyad ",M,,
107,Ziar ,M,,
108,Ziarmal ,M,,
109,Ziaud ,M,,
110,Ziauddin ,M,,
111,Ziaul Haq ,M,,
112,Ziaur Rahman ,M,,
113,Zihni ,M,,
114,Zill ,M,,
115,Zillullah ,M,,
116,Zillur Rahman ,M,,
117,Ziyaam ,M,,
118,Ziyad ,M,,
119,Ziyada ,M,,
120,Ziyadatullah ,M,,
121,Zmarak ,M,,
122,Zmaray ,M,,
123,Zohaib ,M,,
124,Zohair ,M,,
125,Zohoor ,M,,
126,Zohoorul Bari ,M,,
127,Zohran ,M,,
128,Zorawar ,M,,
129,Zubaid ,M,,
130,Zubair ,M,,
131,"Zubair, Zubayr ",M,,
132,Zubayr ,M,,
133,Zuehb ,M,,
134,Zufar ,M,,
135,Zufishan ,M,,
136,Zuha ,M,,
137,Zuhair ,M,,
138,"Zuhair, Zuhayr ",M,,
139,Zuhayr ,M,,
140,Zuhoor ,M,,
141,Zuka ,M,,
142,Zukauddin ,M,,
143,Zukaullah ,M,,
144,Zukaur Rahman ,M,,
145,Zul Kifl ,M,,
146,Zul Qarnayn ,M,,
147,Zulaym ,M,,
148,Zulfaqar ,M,,
149,Zulfat ,M,,
150,Zulfi ,M,,
151,Zulfiqar ,M,,
152,Zunnoon ,M,,
153,Zushimalain ,M,,
154,Zuti ,M,,
155,Zwandun ,M,,
